id_venda,data,id_cliente,id_vendedor,id_formapag,id_produto,quantidadeVendida,desconto,custoTotal,valorVendaBruta
1,2026-03-13,39,3,3,17,3,0.04,196.35000000000002,343.6125
2,2026-06-17,52,2,1,5,4,0.02,617.0,894.65
3,2026-04-14,96,1,3,22,1,0.01,7.45,13.0375
4,2026-02-27,8,1,2,3,4,0.05,300.96,436.39199999999994
5,2026-03-14,56,2,4,31,1,0.04,10.25,17.9375
6,2026-03-07,93,3,1,18,3,0.05,231.95999999999998,405.93
7,2026-02-13,17,2,1,27,2,0.02,15.98,27.965
8,2026-06-06,21,1,2,22,3,0.05,22.35,39.1125
9,2026-04-10,57,2,2,25,2,0.04,25.3,44.275
10,2026-07-01,25,3,2,29,2,0.01,17.04,29.82
11,2026-06-30,4,2,1,1,1,0.03,40.11,58.159499999999994
12,2026-01-09,56,2,4,10,4,0.0,13.4,23.45
13,2026-03-18,71,2,4,20,1,0.03,4.75,8.3125
14,2026-05-26,86,3,4,12,1,0.0,6.58,11.515
15,2026-03-21,51,3,4,21,1,0.03,2.25,3.9375
16,2026-04-02,64,3,4,10,1,0.04,3.35,5.8625
17,2026-04-04,29,1,3,21,1,0.0,2.25,3.9375
18,2026-03-06,59,2,1,19,2,0.05,9.08,15.89
19,2026-04-30,76,1,4,16,1,0.05,54.15,94.7625
20,2026-06-06,11,1,2,14,2,0.04,16.9,29.574999999999996
21,2026-02-11,7,2,1,17,2,0.02,130.9,229.07500000000002
22,2026-07-02,82,2,4,14,4,0.04,33.8,59.14999999999999
23,2026-02-13,36,3,1,4,3,0.01,286.04999999999995,414.7725
24,2026-04-24,69,2,2,4,1,0.03,95.35,138.2575
25,2026-01-05,12,1,3,17,1,0.04,65.45,114.53750000000001
26,2026-05-05,58,1,2,13,3,0.03,16.259999999999998,28.455
27,2026-06-30,23,3,3,24,1,0.02,12.45,21.787499999999998
28,2026-08-22,44,2,1,34,4,0.03,39.56,69.23
29,2026-08-06,51,3,3,25,1,0.03,12.65,22.1375
30,2026-03-12,47,3,4,15,1,0.02,11.58,20.265
31,2026-06-02,75,1,2,21,4,0.0,9.0,15.75
32,2026-05-08,76,3,4,34,1,0.02,9.89,17.3075
33,2026-02-24,31,2,3,26,4,0.01,55.0,96.25
34,2026-03-16,94,1,1,22,2,0.01,14.9,26.075
35,2026-04-21,63,1,4,5,4,0.01,617.0,894.65
36,2026-01-19,76,2,2,6,3,0.03,4.62,6.699
37,2026-05-25,62,3,3,13,4,0.0,21.68,37.94
38,2026-03-13,16,2,2,18,1,0.03,77.32,135.31
39,2026-03-25,28,2,3,6,3,0.03,4.62,6.699
40,2026-01-05,4,2,2,1,1,0.01,40.11,58.159499999999994
41,2026-06-13,18,1,4,7,1,0.03,14.5,21.025
42,2026-01-29,47,2,2,16,3,0.0,162.45,284.2875
43,2026-04-16,31,1,1,15,1,0.04,11.58,20.265
44,2026-04-01,39,2,3,20,1,0.04,4.75,8.3125
45,2026-04-21,48,3,3,26,1,0.03,13.75,24.0625
46,2026-02-18,75,3,2,13,2,0.03,10.84,18.97
47,2026-03-02,49,1,3,20,3,0.05,14.25,24.9375
48,2026-08-22,53,1,4,11,4,0.0,23.0,40.25
49,2026-06-29,69,2,2,33,2,0.01,22.5,39.375
50,2026-05-20,38,3,3,9,4,0.03,8.6,15.049999999999999
51,2026-04-27,69,3,4,33,3,0.03,33.75,59.0625
52,2026-04-16,37,3,2,17,1,0.03,65.45,114.53750000000001
53,2026-01-30,59,3,3,31,4,0.04,41.0,71.75
54,2026-03-17,28,2,4,7,3,0.01,43.5,63.074999999999996
55,2026-05-07,95,1,1,34,4,0.02,39.56,69.23
56,2026-07-29,21,1,1,28,1,0.01,7.52,13.16
57,2026-02-23,91,1,1,8,2,0.05,4.5,6.5249999999999995
58,2026-05-15,5,2,1,9,4,0.03,8.6,15.049999999999999
59,2026-04-30,35,2,1,28,1,0.03,7.52,13.16
60,2026-02-12,92,3,2,27,1,0.0,7.99,13.9825
61,2026-02-09,70,3,2,15,4,0.02,46.32,81.06
62,2026-04-06,39,3,3,19,4,0.01,18.16,31.78
63,2026-02-10,74,2,1,21,1,0.05,2.25,3.9375
64,2026-04-06,15,2,2,23,2,0.01,31.18,54.565
65,2026-05-05,2,2,3,26,3,0.04,41.25,72.1875
66,2026-07-27,25,2,2,14,3,0.03,25.349999999999998,44.3625
67,2026-07-13,92,1,4,21,1,0.0,2.25,3.9375
68,2026-05-23,34,3,2,29,4,0.01,34.08,59.64
69,2026-02-02,78,1,4,1,1,0.05,40.11,58.159499999999994
70,2026-07-23,9,3,1,26,1,0.0,13.75,24.0625
71,2026-02-16,42,2,3,28,2,0.02,15.04,26.32
72,2026-06-15,41,2,1,28,4,0.04,30.08,52.64
73,2026-05-15,56,2,3,21,4,0.02,9.0,15.75
74,2026-03-04,96,1,2,7,1,0.04,14.5,21.025
75,2026-07-20,68,2,2,19,2,0.02,9.08,15.89
76,2026-08-29,82,3,1,24,1,0.03,12.45,21.787499999999998
77,2026-03-21,69,3,2,29,1,0.01,8.52,14.91
78,2026-07-17,35,2,4,3,4,0.03,300.96,436.39199999999994
79,2026-07-03,10,1,3,6,1,0.03,1.54,2.233
80,2026-02-07,44,2,2,14,1,0.02,8.45,14.787499999999998
81,2026-01-14,75,2,2,28,1,0.02,7.52,13.16
82,2026-05-04,58,3,2,20,2,0.02,9.5,16.625
83,2026-05-08,53,2,4,18,4,0.01,309.28,541.24
84,2026-03-05,75,3,1,1,4,0.01,160.44,232.63799999999998
85,2026-04-10,28,1,3,12,3,0.04,19.740000000000002,34.545
86,2026-03-27,3,1,1,12,3,0.01,19.740000000000002,34.545
87,2026-06-23,3,3,3,20,1,0.0,4.75,8.3125
88,2026-01-12,70,1,2,18,2,0.05,154.64,270.62
89,2026-02-18,22,1,4,10,3,0.03,10.05,17.5875
90,2026-01-22,16,3,3,4,3,0.01,286.04999999999995,414.7725
91,2026-01-14,43,3,2,6,1,0.04,1.54,2.233
92,2026-08-08,20,3,4,22,3,0.01,22.35,39.1125
93,2026-01-12,32,1,4,1,4,0.03,160.44,232.63799999999998
94,2026-02-19,18,2,1,29,3,0.01,25.56,44.730000000000004
95,2026-01-16,45,3,2,7,1,0.03,14.5,21.025
96,2026-02-26,4,1,3,4,2,0.05,190.7,276.515
97,2026-04-06,31,3,1,9,4,0.03,8.6,15.049999999999999
98,2026-03-16,85,3,2,5,4,0.01,617.0,894.65
99,2026-02-23,15,1,1,21,1,0.03,2.25,3.9375
100,2026-07-23,49,1,3,17,2,0.01,130.9,229.07500000000002
101,2026-02-02,47,1,4,33,1,0.0,11.25,19.6875
102,2026-08-20,21,1,1,9,1,0.0,2.15,3.7624999999999997
103,2026-01-14,67,2,3,6,4,0.04,6.16,8.932
104,2026-05-14,55,3,1,25,3,0.01,37.95,66.4125
105,2026-05-30,54,3,4,33,1,0.01,11.25,19.6875
106,2026-06-04,67,1,3,11,2,0.04,11.5,20.125
107,2026-08-18,39,2,1,19,1,0.02,4.54,7.945
108,2026-03-10,44,3,2,31,4,0.04,41.0,71.75
109,2026-07-16,24,1,2,32,4,0.01,49.88,87.29
110,2026-05-07,43,3,2,10,3,0.01,10.05,17.5875
111,2026-03-16,7,3,1,33,3,0.04,33.75,59.0625
112,2026-03-12,54,2,2,4,4,0.04,381.4,553.03
113,2026-08-18,94,2,2,15,3,0.05,34.74,60.795
114,2026-04-30,85,3,2,4,3,0.03,286.04999999999995,414.7725
115,2026-05-08,53,3,2,29,2,0.04,17.04,29.82
116,2026-05-09,81,3,3,10,4,0.02,13.4,23.45
117,2026-02-13,63,3,1,19,2,0.02,9.08,15.89
118,2026-02-20,69,3,1,32,3,0.03,37.410000000000004,65.4675
119,2026-07-04,46,2,3,6,2,0.05,3.08,4.466
120,2026-08-26,12,2,4,7,2,0.04,29.0,42.05
121,2026-01-10,36,1,1,30,1,0.0,16.45,28.787499999999998
122,2026-06-04,96,3,1,14,3,0.01,25.349999999999998,44.3625
123,2026-07-14,34,1,3,31,3,0.04,30.75,53.8125
124,2026-04-13,46,2,1,30,1,0.04,16.45,28.787499999999998
125,2026-01-09,8,1,3,20,1,0.04,4.75,8.3125
126,2026-06-03,14,3,2,13,1,0.03,5.42,9.485
127,2026-06-04,21,2,3,26,3,0.03,41.25,72.1875
128,2026-04-27,48,3,4,30,3,0.02,49.349999999999994,86.3625
129,2026-03-26,73,3,2,18,3,0.0,231.95999999999998,405.93
130,2026-05-16,34,2,4,9,4,0.05,8.6,15.049999999999999
131,2026-05-14,54,2,3,1,2,0.05,80.22,116.31899999999999
132,2026-07-25,35,2,1,8,2,0.04,4.5,6.5249999999999995
133,2026-06-12,71,2,3,19,4,0.0,18.16,31.78
134,2026-04-27,39,3,1,32,2,0.02,24.94,43.645
135,2026-06-23,35,2,2,22,4,0.01,29.8,52.15
136,2026-02-17,72,1,1,31,2,0.03,20.5,35.875
137,2026-05-14,66,2,3,2,4,0.04,272.6,395.27000000000004
138,2026-07-30,16,1,4,30,4,0.02,65.8,115.14999999999999
139,2026-08-07,69,3,1,32,3,0.04,37.410000000000004,65.4675
140,2026-02-19,68,2,2,26,1,0.05,13.75,24.0625
141,2026-02-05,77,2,1,19,2,0.02,9.08,15.89
142,2026-02-06,37,3,1,13,1,0.0,5.42,9.485
143,2026-05-30,14,3,1,28,2,0.0,15.04,26.32
144,2026-05-28,36,2,4,12,2,0.05,13.16,23.03
145,2026-03-25,89,2,3,31,4,0.03,41.0,71.75
146,2026-02-11,51,3,3,21,2,0.03,4.5,7.875
147,2026-06-01,30,1,1,15,2,0.02,23.16,40.53
148,2026-03-25,59,3,4,26,4,0.01,55.0,96.25
149,2026-06-16,27,2,1,9,1,0.04,2.15,3.7624999999999997
150,2026-07-13,21,1,2,17,4,0.0,261.8,458.15000000000003
151,2026-02-09,35,2,3,3,2,0.03,150.48,218.19599999999997
152,2026-03-17,76,1,1,14,1,0.02,8.45,14.787499999999998
153,2026-04-10,54,2,1,26,2,0.05,27.5,48.125
154,2026-06-12,81,3,4,16,4,0.02,216.6,379.05
155,2026-08-21,75,2,1,32,2,0.04,24.94,43.645
156,2026-03-27,63,3,2,3,3,0.01,225.71999999999997,327.294
157,2026-05-11,69,1,3,15,4,0.02,46.32,81.06
158,2026-05-26,96,2,2,7,4,0.04,58.0,84.1
159,2026-03-23,46,1,4,28,1,0.03,7.52,13.16
160,2026-05-11,52,3,2,12,1,0.04,6.58,11.515
161,2026-07-27,64,1,3,10,2,0.01,6.7,11.725
162,2026-05-05,30,2,3,30,2,0.02,32.9,57.574999999999996
163,2026-02-12,14,3,4,17,4,0.04,261.8,458.15000000000003
164,2026-05-28,55,3,3,18,3,0.02,231.95999999999998,405.93
165,2026-06-06,5,1,1,14,4,0.03,33.8,59.14999999999999
166,2026-02-10,63,1,3,34,2,0.04,19.78,34.615
167,2026-05-02,19,1,2,22,1,0.0,7.45,13.0375
168,2026-01-06,15,2,2,4,3,0.04,286.04999999999995,414.7725
169,2026-04-17,52,1,2,4,1,0.02,95.35,138.2575
170,2026-08-21,52,3,1,11,3,0.04,17.25,30.1875
171,2026-07-03,75,3,2,5,3,0.03,462.75,670.9875
172,2026-06-11,1,3,1,11,2,0.04,11.5,20.125
173,2026-07-13,93,2,1,29,3,0.04,25.56,44.730000000000004
174,2026-07-03,25,2,2,30,3,0.01,49.349999999999994,86.3625
175,2026-01-09,57,2,3,8,4,0.05,9.0,13.049999999999999
176,2026-03-27,35,2,1,6,2,0.02,3.08,4.466
177,2026-04-20,73,1,2,2,4,0.01,272.6,395.27000000000004
178,2026-04-07,33,2,1,29,1,0.01,8.52,14.91
179,2026-01-13,23,3,2,3,2,0.05,150.48,218.19599999999997
180,2026-07-31,49,3,2,1,1,0.01,40.11,58.159499999999994
181,2026-07-04,61,2,2,30,4,0.01,65.8,115.14999999999999
182,2026-04-07,49,1,3,31,1,0.04,10.25,17.9375
183,2026-06-01,89,3,3,29,1,0.0,8.52,14.91
184,2026-05-16,94,1,1,26,1,0.04,13.75,24.0625
185,2026-08-20,48,2,2,3,1,0.02,75.24,109.09799999999998
186,2026-03-09,29,1,3,2,1,0.01,68.15,98.81750000000001
187,2026-07-04,25,3,2,26,2,0.02,27.5,48.125
188,2026-06-02,79,2,3,30,2,0.04,32.9,57.574999999999996
189,2026-01-02,42,1,3,27,1,0.01,7.99,13.9825
190,2026-08-19,9,3,1,29,2,0.05,17.04,29.82
191,2026-08-13,19,3,3,28,2,0.02,15.04,26.32
192,2026-05-27,63,2,2,18,4,0.01,309.28,541.24
193,2026-03-07,14,3,1,22,2,0.0,14.9,26.075
194,2026-02-23,30,2,2,17,2,0.01,130.9,229.07500000000002
195,2026-06-25,46,2,4,21,4,0.03,9.0,15.75
196,2026-05-15,1,3,3,9,2,0.0,4.3,7.5249999999999995
197,2026-01-21,3,1,1,11,3,0.0,17.25,30.1875
198,2026-07-01,77,2,4,6,3,0.03,4.62,6.699
199,2026-02-11,81,1,2,14,1,0.01,8.45,14.787499999999998
200,2026-01-29,68,3,2,32,1,0.02,12.47,21.8225
201,2026-02-06,60,3,1,31,2,0.03,20.5,35.875
202,2026-04-02,96,1,1,26,3,0.03,41.25,72.1875
203,2026-04-28,75,1,4,34,3,0.03,29.67,51.9225
204,2026-02-14,24,2,2,19,3,0.01,13.620000000000001,23.835
205,2026-08-24,74,3,4,26,2,0.03,27.5,48.125
206,2026-08-28,88,2,1,15,3,0.04,34.74,60.795
207,2026-01-26,90,2,3,17,1,0.01,65.45,114.53750000000001
208,2026-07-11,3,3,1,3,1,0.03,75.24,109.09799999999998
209,2026-06-02,90,1,1,15,3,0.04,34.74,60.795
210,2026-08-18,40,1,1,18,2,0.03,154.64,270.62
211,2026-06-13,17,3,4,16,2,0.01,108.3,189.525
212,2026-01-01,94,2,3,18,2,0.04,154.64,270.62
213,2026-04-18,17,3,2,33,2,0.04,22.5,39.375
214,2026-04-29,55,1,3,26,3,0.03,41.25,72.1875
215,2026-01-23,22,1,3,1,2,0.02,80.22,116.31899999999999
216,2026-01-16,80,1,2,21,2,0.05,4.5,7.875
217,2026-08-08,63,3,2,11,3,0.05,17.25,30.1875
218,2026-01-16,13,2,3,33,4,0.01,45.0,78.75
219,2026-08-06,4,3,2,4,1,0.0,95.35,138.2575
220,2026-06-13,38,3,4,2,1,0.01,68.15,98.81750000000001
221,2026-01-13,4,2,2,9,4,0.05,8.6,15.049999999999999
222,2026-03-13,13,2,3,7,3,0.01,43.5,63.074999999999996
223,2026-08-18,72,2,1,15,3,0.0,34.74,60.795
224,2026-06-04,25,3,1,27,2,0.05,15.98,27.965
225,2026-08-11,44,3,3,6,2,0.03,3.08,4.466
226,2026-08-17,98,3,1,16,3,0.02,162.45,284.2875
227,2026-05-20,17,1,3,34,4,0.04,39.56,69.23
228,2026-06-16,23,1,3,33,2,0.01,22.5,39.375
229,2026-02-18,76,2,4,34,3,0.04,29.67,51.9225
230,2026-06-08,10,2,1,14,2,0.03,16.9,29.574999999999996
231,2026-04-16,44,3,3,23,3,0.02,46.769999999999996,81.8475
232,2026-03-05,31,1,3,15,4,0.05,46.32,81.06
233,2026-06-15,81,3,4,19,2,0.02,9.08,15.89
234,2026-03-28,30,3,2,27,3,0.02,23.97,41.9475
235,2026-08-12,38,3,2,13,3,0.01,16.259999999999998,28.455
236,2026-03-09,46,2,3,22,4,0.02,29.8,52.15
237,2026-02-18,58,1,1,22,4,0.03,29.8,52.15
238,2026-03-25,96,1,2,14,3,0.04,25.349999999999998,44.3625
239,2026-08-08,78,2,3,4,4,0.04,381.4,553.03
240,2026-05-08,48,3,3,13,1,0.03,5.42,9.485
241,2026-08-03,60,1,3,23,4,0.0,62.36,109.13
242,2026-06-26,37,1,1,6,3,0.01,4.62,6.699
243,2026-08-12,13,2,1,10,1,0.03,3.35,5.8625
244,2026-03-31,27,1,2,6,3,0.05,4.62,6.699
245,2026-05-13,76,1,3,21,2,0.03,4.5,7.875
246,2026-03-04,28,3,2,17,1,0.0,65.45,114.53750000000001
247,2026-01-06,53,2,2,34,2,0.02,19.78,34.615
248,2026-01-27,49,1,2,3,1,0.03,75.24,109.09799999999998
249,2026-01-10,79,3,1,17,2,0.05,130.9,229.07500000000002
250,2026-08-13,75,2,3,23,2,0.02,31.18,54.565
251,2026-03-06,14,2,3,17,1,0.01,65.45,114.53750000000001
252,2026-05-20,44,1,3,29,3,0.05,25.56,44.730000000000004
253,2026-08-08,59,3,1,23,3,0.02,46.769999999999996,81.8475
254,2026-04-27,12,2,4,30,1,0.0,16.45,28.787499999999998
255,2026-06-17,4,3,4,6,4,0.01,6.16,8.932
256,2026-07-04,84,3,2,31,2,0.01,20.5,35.875
257,2026-02-05,88,3,1,23,2,0.0,31.18,54.565
258,2026-04-27,32,1,3,27,2,0.01,15.98,27.965
259,2026-05-14,82,2,1,7,4,0.02,58.0,84.1
260,2026-06-09,87,1,2,14,1,0.0,8.45,14.787499999999998
261,2026-05-05,96,2,2,12,2,0.01,13.16,23.03
262,2026-05-25,7,3,1,26,1,0.04,13.75,24.0625
263,2026-03-10,62,2,4,7,2,0.02,29.0,42.05
264,2026-04-11,67,3,1,27,4,0.03,31.96,55.93
265,2026-06-30,99,2,1,3,1,0.01,75.24,109.09799999999998
266,2026-05-01,75,1,3,2,4,0.02,272.6,395.27000000000004
267,2026-05-27,12,3,4,30,4,0.02,65.8,115.14999999999999
268,2026-02-26,39,3,3,14,2,0.04,16.9,29.574999999999996
269,2026-03-14,16,3,4,29,4,0.04,34.08,59.64
270,2026-03-17,78,1,2,2,2,0.0,136.3,197.63500000000002
271,2026-04-09,62,3,3,7,2,0.01,29.0,42.05
272,2026-04-17,98,3,4,12,2,0.02,13.16,23.03
273,2026-01-13,24,3,1,21,2,0.01,4.5,7.875
274,2026-03-05,50,1,1,14,3,0.03,25.349999999999998,44.3625
275,2026-02-11,29,1,3,27,4,0.03,31.96,55.93
276,2026-08-03,57,1,4,30,1,0.03,16.45,28.787499999999998
277,2026-06-18,11,1,1,29,4,0.02,34.08,59.64
278,2026-07-04,50,3,2,9,4,0.03,8.6,15.049999999999999
279,2026-03-30,35,1,1,9,4,0.01,8.6,15.049999999999999
280,2026-02-10,98,3,2,17,2,0.01,130.9,229.07500000000002
281,2026-03-19,80,3,4,19,3,0.02,13.620000000000001,23.835
282,2026-08-03,91,1,1,34,3,0.03,29.67,51.9225
283,2026-04-07,7,2,4,29,1,0.02,8.52,14.91
284,2026-05-22,14,2,3,18,3,0.01,231.95999999999998,405.93
285,2026-04-01,9,2,4,28,3,0.01,22.56,39.480000000000004
286,2026-05-01,47,2,2,18,1,0.01,77.32,135.31
287,2026-03-30,36,3,1,20,1,0.02,4.75,8.3125
288,2026-08-21,66,1,1,11,1,0.02,5.75,10.0625
289,2026-05-21,86,2,1,13,2,0.02,10.84,18.97
290,2026-05-29,76,3,2,8,1,0.01,2.25,3.2624999999999997
291,2026-01-20,95,3,4,13,2,0.04,10.84,18.97
292,2026-07-09,49,2,4,3,1,0.04,75.24,109.09799999999998
293,2026-03-27,32,1,4,4,1,0.04,95.35,138.2575
294,2026-01-01,26,1,4,15,2,0.04,23.16,40.53
295,2026-01-09,43,1,4,24,2,0.02,24.9,43.574999999999996
296,2026-02-26,61,2,3,20,3,0.01,14.25,24.9375
297,2026-06-18,61,2,2,13,3,0.01,16.259999999999998,28.455
298,2026-07-06,45,3,4,13,3,0.0,16.259999999999998,28.455
299,2026-08-12,94,2,2,7,3,0.01,43.5,63.074999999999996
300,2026-07-31,82,1,2,6,4,0.02,6.16,8.932
301,2026-03-07,13,2,1,23,3,0.04,46.769999999999996,81.8475
302,2026-02-09,54,2,1,19,2,0.02,9.08,15.89
303,2026-01-17,16,3,3,13,2,0.02,10.84,18.97
304,2026-07-28,39,1,2,3,2,0.01,150.48,218.19599999999997
305,2026-07-24,61,1,2,32,3,0.04,37.410000000000004,65.4675
306,2026-01-05,28,2,1,16,3,0.04,162.45,284.2875
307,2026-06-23,84,3,1,3,3,0.0,225.71999999999997,327.294
308,2026-03-17,30,1,3,34,4,0.01,39.56,69.23
309,2026-04-08,36,1,1,5,1,0.01,154.25,223.6625
310,2026-08-24,51,2,2,27,3,0.01,23.97,41.9475
311,2026-02-26,2,2,2,23,4,0.0,62.36,109.13
312,2026-07-22,8,2,2,34,2,0.05,19.78,34.615
313,2026-01-01,23,3,2,27,1,0.0,7.99,13.9825
314,2026-01-27,83,2,3,22,1,0.04,7.45,13.0375
315,2026-07-09,44,1,4,4,3,0.04,286.04999999999995,414.7725
316,2026-02-18,27,3,2,1,3,0.01,120.33,174.4785
317,2026-01-21,65,1,3,33,4,0.04,45.0,78.75
318,2026-02-04,47,1,4,15,2,0.01,23.16,40.53
319,2026-06-11,70,2,3,4,3,0.02,286.04999999999995,414.7725
320,2026-02-23,70,3,4,4,3,0.01,286.04999999999995,414.7725
321,2026-07-10,71,1,1,16,4,0.05,216.6,379.05
322,2026-02-20,18,1,3,20,2,0.05,9.5,16.625
323,2026-04-21,1,2,4,19,4,0.01,18.16,31.78
324,2026-01-21,40,3,1,30,2,0.05,32.9,57.574999999999996
325,2026-07-13,50,1,3,10,3,0.02,10.05,17.5875
326,2026-01-02,65,2,2,31,2,0.0,20.5,35.875
327,2026-03-12,77,1,2,29,1,0.03,8.52,14.91
328,2026-06-08,20,3,2,7,1,0.01,14.5,21.025
329,2026-08-31,23,2,1,33,1,0.04,11.25,19.6875
330,2026-01-16,55,1,3,21,3,0.03,6.75,11.8125
331,2026-06-06,8,3,4,17,1,0.05,65.45,114.53750000000001
332,2026-06-09,44,1,2,11,3,0.0,17.25,30.1875
333,2026-01-03,8,3,2,8,1,0.04,2.25,3.2624999999999997
334,2026-01-06,34,3,3,7,2,0.01,29.0,42.05
335,2026-06-25,72,2,1,12,1,0.0,6.58,11.515
336,2026-04-10,13,3,2,27,3,0.01,23.97,41.9475
337,2026-03-16,90,1,1,7,3,0.01,43.5,63.074999999999996
338,2026-08-14,85,2,2,23,1,0.04,15.59,27.2825
339,2026-03-07,53,2,2,9,3,0.03,6.449999999999999,11.2875
340,2026-01-09,64,1,2,32,3,0.03,37.410000000000004,65.4675
341,2026-07-01,36,1,2,10,2,0.04,6.7,11.725
342,2026-02-18,78,2,4,20,3,0.04,14.25,24.9375
343,2026-01-07,93,1,2,8,4,0.01,9.0,13.049999999999999
344,2026-08-25,55,3,4,20,4,0.0,19.0,33.25
345,2026-06-13,45,3,1,8,4,0.02,9.0,13.049999999999999
346,2026-08-18,85,2,3,11,4,0.03,23.0,40.25
347,2026-06-03,61,3,3,14,4,0.02,33.8,59.14999999999999
348,2026-06-26,29,3,2,7,1,0.03,14.5,21.025
349,2026-03-13,76,2,4,11,4,0.01,23.0,40.25
350,2026-08-07,33,2,1,23,1,0.04,15.59,27.2825
351,2026-08-13,45,1,3,34,4,0.03,39.56,69.23
352,2026-07-20,98,1,2,8,2,0.04,4.5,6.5249999999999995
353,2026-02-12,92,2,2,3,2,0.05,150.48,218.19599999999997
354,2026-04-14,78,2,4,7,3,0.04,43.5,63.074999999999996
355,2026-04-13,63,3,3,24,1,0.02,12.45,21.787499999999998
356,2026-08-13,56,1,1,16,3,0.01,162.45,284.2875
357,2026-05-29,47,3,1,10,4,0.02,13.4,23.45
358,2026-02-19,97,1,4,17,1,0.04,65.45,114.53750000000001
359,2026-02-28,97,2,1,15,3,0.05,34.74,60.795
360,2026-02-26,13,2,3,12,2,0.03,13.16,23.03
361,2026-07-28,41,3,3,31,4,0.05,41.0,71.75
362,2026-03-19,60,2,1,30,4,0.03,65.8,115.14999999999999
363,2026-02-04,18,1,2,16,3,0.02,162.45,284.2875
364,2026-08-14,64,2,1,16,3,0.01,162.45,284.2875
365,2026-04-10,19,1,2,6,3,0.02,4.62,6.699
366,2026-06-27,35,1,2,1,1,0.03,40.11,58.159499999999994
367,2026-06-18,47,2,4,27,3,0.01,23.97,41.9475
368,2026-05-11,12,1,2,12,4,0.0,26.32,46.06
369,2026-03-02,16,2,4,7,3,0.04,43.5,63.074999999999996
370,2026-06-18,86,2,1,21,3,0.03,6.75,11.8125
371,2026-05-13,13,1,3,33,1,0.02,11.25,19.6875
372,2026-02-05,92,2,2,9,3,0.0,6.449999999999999,11.2875
373,2026-04-08,81,1,2,24,4,0.04,49.8,87.14999999999999
374,2026-01-07,3,1,3,18,2,0.02,154.64,270.62
375,2026-07-21,26,2,2,27,1,0.03,7.99,13.9825
376,2026-04-09,65,3,4,8,2,0.03,4.5,6.5249999999999995
377,2026-04-16,15,2,4,9,2,0.0,4.3,7.5249999999999995
378,2026-06-30,79,1,3,9,4,0.05,8.6,15.049999999999999
379,2026-01-24,7,2,4,23,3,0.01,46.769999999999996,81.8475
380,2026-01-30,11,1,1,22,1,0.01,7.45,13.0375
381,2026-08-18,67,3,2,31,2,0.01,20.5,35.875
382,2026-08-27,44,3,2,13,3,0.01,16.259999999999998,28.455
383,2026-08-17,52,2,1,3,4,0.05,300.96,436.39199999999994
384,2026-04-04,90,1,2,20,3,0.0,14.25,24.9375
385,2026-08-25,7,2,2,15,2,0.05,23.16,40.53
386,2026-03-19,69,2,4,4,1,0.04,95.35,138.2575
387,2026-08-12,42,2,2,34,1,0.04,9.89,17.3075
388,2026-06-18,40,2,4,28,2,0.02,15.04,26.32
389,2026-01-21,10,2,2,8,2,0.04,4.5,6.5249999999999995
390,2026-05-30,44,2,1,31,2,0.0,20.5,35.875
391,2026-06-12,17,1,1,18,4,0.02,309.28,541.24
392,2026-07-02,54,2,3,24,1,0.0,12.45,21.787499999999998
393,2026-07-28,36,3,3,12,4,0.03,26.32,46.06
394,2026-02-06,10,2,3,27,2,0.01,15.98,27.965
395,2026-04-29,35,3,2,8,1,0.01,2.25,3.2624999999999997
396,2026-05-12,54,2,1,13,4,0.04,21.68,37.94
397,2026-07-17,35,3,4,11,1,0.03,5.75,10.0625
398,2026-03-19,61,1,1,22,1,0.02,7.45,13.0375
399,2026-04-08,24,1,2,22,1,0.01,7.45,13.0375
400,2026-05-14,20,2,1,24,1,0.02,12.45,21.787499999999998
401,2026-01-08,58,2,1,13,4,0.02,21.68,37.94
402,2026-03-12,38,1,2,16,1,0.03,54.15,94.7625
403,2026-02-23,50,1,4,30,2,0.04,32.9,57.574999999999996
404,2026-03-02,34,2,1,15,2,0.0,23.16,40.53
405,2026-06-29,98,2,3,20,4,0.01,19.0,33.25
406,2026-08-13,88,2,2,24,4,0.01,49.8,87.14999999999999
407,2026-08-05,38,1,4,19,1,0.0,4.54,7.945
408,2026-08-14,23,1,2,18,1,0.03,77.32,135.31
409,2026-08-06,22,1,4,12,2,0.04,13.16,23.03
410,2026-04-30,15,1,2,8,2,0.04,4.5,6.5249999999999995
411,2026-06-02,5,3,4,2,2,0.03,136.3,197.63500000000002
412,2026-04-30,45,2,3,9,1,0.01,2.15,3.7624999999999997
413,2026-08-31,42,2,1,23,1,0.02,15.59,27.2825
414,2026-06-25,51,2,4,9,1,0.01,2.15,3.7624999999999997
415,2026-02-06,62,3,1,14,3,0.01,25.349999999999998,44.3625
416,2026-07-29,3,2,1,22,2,0.02,14.9,26.075
417,2026-03-28,29,1,2,20,1,0.0,4.75,8.3125
418,2026-08-01,72,1,2,8,1,0.02,2.25,3.2624999999999997
419,2026-02-19,12,2,2,15,1,0.0,11.58,20.265
420,2026-04-23,37,3,2,15,3,0.01,34.74,60.795
421,2026-05-06,55,2,3,24,1,0.01,12.45,21.787499999999998
422,2026-07-24,39,3,2,4,1,0.04,95.35,138.2575
423,2026-03-14,76,3,3,30,1,0.04,16.45,28.787499999999998
424,2026-02-14,75,1,3,28,1,0.04,7.52,13.16
425,2026-02-23,15,2,1,8,2,0.02,4.5,6.5249999999999995
426,2026-01-05,27,1,3,23,2,0.02,31.18,54.565
427,2026-01-06,92,2,1,22,3,0.02,22.35,39.1125
428,2026-03-13,64,3,4,33,3,0.01,33.75,59.0625
429,2026-04-27,53,2,3,17,1,0.02,65.45,114.53750000000001
430,2026-08-18,54,2,4,16,1,0.03,54.15,94.7625
431,2026-06-11,66,3,1,31,4,0.0,41.0,71.75
432,2026-03-06,89,2,1,5,2,0.02,308.5,447.325
433,2026-05-08,23,3,4,27,2,0.03,15.98,27.965
434,2026-06-04,89,2,4,31,2,0.01,20.5,35.875
435,2026-08-28,25,1,4,31,2,0.02,20.5,35.875
436,2026-03-06,46,3,3,6,3,0.03,4.62,6.699
437,2026-04-04,13,1,4,28,4,0.01,30.08,52.64
438,2026-02-25,86,3,2,5,2,0.05,308.5,447.325
439,2026-05-09,33,3,1,25,2,0.01,25.3,44.275
440,2026-05-15,4,2,3,29,3,0.01,25.56,44.730000000000004
441,2026-07-31,32,2,4,3,2,0.04,150.48,218.19599999999997
442,2026-03-28,22,1,4,28,4,0.02,30.08,52.64
443,2026-04-28,85,2,1,17,1,0.01,65.45,114.53750000000001
444,2026-04-16,8,3,2,3,1,0.05,75.24,109.09799999999998
445,2026-06-29,42,1,1,8,2,0.03,4.5,6.5249999999999995
446,2026-04-03,26,2,3,28,3,0.01,22.56,39.480000000000004
447,2026-05-25,98,1,4,17,1,0.05,65.45,114.53750000000001
448,2026-07-31,16,1,1,24,3,0.05,37.349999999999994,65.3625
449,2026-07-18,28,1,2,24,4,0.02,49.8,87.14999999999999
450,2026-04-13,79,3,1,30,4,0.02,65.8,115.14999999999999
451,2026-04-14,59,2,1,34,2,0.04,19.78,34.615
452,2026-07-27,18,3,4,3,1,0.05,75.24,109.09799999999998
453,2026-05-19,40,2,1,6,3,0.04,4.62,6.699
454,2026-01-24,10,1,3,4,1,0.02,95.35,138.2575
455,2026-04-22,9,2,1,24,4,0.02,49.8,87.14999999999999
456,2026-06-16,17,3,1,7,3,0.03,43.5,63.074999999999996
457,2026-02-25,56,1,1,16,1,0.03,54.15,94.7625
458,2026-07-14,97,3,1,28,1,0.04,7.52,13.16
459,2026-06-16,34,2,3,7,2,0.05,29.0,42.05
460,2026-07-11,31,1,1,10,4,0.04,13.4,23.45
461,2026-01-20,55,1,2,5,4,0.05,617.0,894.65
462,2026-03-30,10,2,3,3,4,0.01,300.96,436.39199999999994
463,2026-01-27,65,3,3,18,3,0.01,231.95999999999998,405.93
464,2026-02-13,83,1,1,22,1,0.03,7.45,13.0375
465,2026-07-13,81,3,3,23,3,0.03,46.769999999999996,81.8475
466,2026-03-19,7,2,1,11,1,0.04,5.75,10.0625
467,2026-05-27,99,1,2,24,4,0.04,49.8,87.14999999999999
468,2026-04-30,33,3,4,16,2,0.04,108.3,189.525
469,2026-03-06,91,2,3,31,4,0.02,41.0,71.75
470,2026-06-09,41,2,1,25,4,0.05,50.6,88.55
471,2026-08-08,75,1,2,21,2,0.0,4.5,7.875
472,2026-01-14,12,3,1,1,4,0.01,160.44,232.63799999999998
473,2026-06-18,23,1,2,32,3,0.0,37.410000000000004,65.4675
474,2026-03-12,95,1,3,29,1,0.0,8.52,14.91
475,2026-02-25,75,3,2,17,1,0.03,65.45,114.53750000000001
476,2026-01-15,80,1,1,21,3,0.03,6.75,11.8125
477,2026-05-13,96,2,4,7,2,0.04,29.0,42.05
478,2026-04-20,67,2,1,20,2,0.04,9.5,16.625
479,2026-08-21,4,3,2,28,4,0.04,30.08,52.64
480,2026-01-15,55,1,4,23,3,0.04,46.769999999999996,81.8475
481,2026-07-04,15,2,4,7,3,0.04,43.5,63.074999999999996
482,2026-05-30,13,1,3,5,3,0.04,462.75,670.9875
483,2026-01-21,15,2,2,31,4,0.01,41.0,71.75
484,2026-02-13,63,1,1,27,2,0.02,15.98,27.965
485,2026-01-13,46,1,4,34,1,0.03,9.89,17.3075
486,2026-04-17,37,1,3,27,3,0.01,23.97,41.9475
487,2026-07-16,63,3,2,28,2,0.03,15.04,26.32
488,2026-01-14,16,2,4,2,3,0.03,204.45000000000002,296.45250000000004
489,2026-06-06,4,1,1,31,4,0.02,41.0,71.75
490,2026-08-12,52,2,3,16,1,0.04,54.15,94.7625
491,2026-02-27,30,3,3,28,3,0.0,22.56,39.480000000000004
492,2026-04-09,13,1,3,10,1,0.03,3.35,5.8625
493,2026-04-01,33,2,3,29,3,0.04,25.56,44.730000000000004
494,2026-05-29,33,1,3,5,1,0.01,154.25,223.6625
495,2026-02-20,96,2,4,2,3,0.01,204.45000000000002,296.45250000000004
496,2026-04-22,13,1,3,7,3,0.05,43.5,63.074999999999996
497,2026-03-28,92,3,2,19,4,0.01,18.16,31.78
498,2026-04-10,7,3,3,13,3,0.02,16.259999999999998,28.455
499,2026-03-12,19,1,2,7,2,0.03,29.0,42.05
500,2026-03-04,73,2,1,5,3,0.0,462.75,670.9875
501,2026-03-28,28,1,3,8,3,0.02,6.75,9.7875
502,2026-02-24,50,2,1,34,4,0.03,39.56,69.23
503,2026-01-28,39,3,4,4,1,0.05,95.35,138.2575
504,2026-01-03,87,2,4,21,2,0.02,4.5,7.875
505,2026-02-19,94,1,1,24,2,0.04,24.9,43.574999999999996
506,2026-03-19,9,1,4,23,2,0.04,31.18,54.565
507,2026-07-09,46,2,2,24,2,0.04,24.9,43.574999999999996
508,2026-01-19,76,2,2,21,2,0.01,4.5,7.875
509,2026-07-17,72,2,2,23,3,0.0,46.769999999999996,81.8475
510,2026-06-13,49,1,3,1,4,0.0,160.44,232.63799999999998
511,2026-07-24,68,3,3,25,1,0.04,12.65,22.1375
512,2026-06-03,93,3,3,30,1,0.04,16.45,28.787499999999998
513,2026-07-28,72,2,2,10,4,0.0,13.4,23.45
514,2026-07-31,37,2,2,5,4,0.01,617.0,894.65
515,2026-08-04,79,2,2,6,2,0.04,3.08,4.466
516,2026-05-21,55,2,4,16,3,0.01,162.45,284.2875
517,2026-06-09,56,3,1,18,3,0.03,231.95999999999998,405.93
518,2026-02-05,24,3,1,26,2,0.02,27.5,48.125
519,2026-04-24,76,2,3,5,2,0.02,308.5,447.325
520,2026-01-27,95,1,3,16,2,0.01,108.3,189.525
521,2026-06-03,74,1,3,13,1,0.02,5.42,9.485
522,2026-04-04,27,2,4,29,4,0.05,34.08,59.64
523,2026-03-27,42,3,2,11,2,0.0,11.5,20.125
524,2026-05-28,69,1,1,34,1,0.05,9.89,17.3075
525,2026-07-23,12,1,4,4,3,0.02,286.04999999999995,414.7725
526,2026-06-26,37,3,4,7,2,0.03,29.0,42.05
527,2026-04-15,54,1,4,18,1,0.0,77.32,135.31
528,2026-06-25,46,2,2,26,3,0.0,41.25,72.1875
529,2026-08-31,19,1,3,20,4,0.04,19.0,33.25
530,2026-06-13,22,3,4,22,1,0.01,7.45,13.0375
531,2026-07-24,34,1,3,13,2,0.03,10.84,18.97
532,2026-06-11,69,3,1,27,3,0.01,23.97,41.9475
533,2026-05-13,67,3,3,9,4,0.02,8.6,15.049999999999999
534,2026-07-29,66,1,4,20,3,0.04,14.25,24.9375
535,2026-07-03,39,2,4,4,1,0.03,95.35,138.2575
536,2026-05-27,89,2,1,11,3,0.02,17.25,30.1875
537,2026-07-31,4,3,3,15,1,0.02,11.58,20.265
538,2026-06-17,51,2,4,6,2,0.04,3.08,4.466
539,2026-07-21,27,2,1,22,3,0.03,22.35,39.1125
540,2026-03-30,27,2,3,13,1,0.03,5.42,9.485
541,2026-07-22,29,1,3,8,3,0.01,6.75,9.7875
542,2026-07-10,26,3,4,28,3,0.05,22.56,39.480000000000004
543,2026-03-19,60,2,4,3,3,0.01,225.71999999999997,327.294
544,2026-04-25,37,3,1,23,3,0.04,46.769999999999996,81.8475
545,2026-08-06,60,3,3,14,2,0.02,16.9,29.574999999999996
546,2026-03-10,17,1,4,19,4,0.04,18.16,31.78
547,2026-07-17,5,3,3,18,4,0.02,309.28,541.24
548,2026-02-05,43,3,1,2,4,0.03,272.6,395.27000000000004
549,2026-01-19,2,1,4,14,1,0.04,8.45,14.787499999999998
550,2026-03-27,80,2,4,6,4,0.04,6.16,8.932
551,2026-06-12,16,3,2,26,3,0.03,41.25,72.1875
552,2026-07-25,49,1,3,3,3,0.02,225.71999999999997,327.294
553,2026-05-12,78,1,3,29,4,0.05,34.08,59.64
554,2026-01-08,35,2,3,14,2,0.05,16.9,29.574999999999996
555,2026-02-03,50,1,2,23,4,0.03,62.36,109.13
556,2026-05-07,1,3,1,7,2,0.04,29.0,42.05
557,2026-08-12,3,3,1,33,1,0.04,11.25,19.6875
558,2026-03-27,51,2,3,19,3,0.03,13.620000000000001,23.835
559,2026-03-16,11,2,1,22,2,0.04,14.9,26.075
560,2026-01-29,70,2,1,2,3,0.01,204.45000000000002,296.45250000000004
561,2026-02-14,15,2,4,15,3,0.03,34.74,60.795
562,2026-03-20,65,1,3,18,1,0.02,77.32,135.31
563,2026-07-02,57,3,2,3,3,0.01,225.71999999999997,327.294
564,2026-03-04,45,1,2,22,2,0.01,14.9,26.075
565,2026-06-20,51,1,2,22,3,0.0,22.35,39.1125
566,2026-07-31,16,1,2,3,1,0.05,75.24,109.09799999999998
567,2026-01-01,34,1,2,9,4,0.03,8.6,15.049999999999999
568,2026-01-08,38,2,1,31,3,0.04,30.75,53.8125
569,2026-01-21,99,3,3,28,4,0.01,30.08,52.64
570,2026-08-21,12,3,2,24,3,0.0,37.349999999999994,65.3625
571,2026-02-02,97,1,2,30,2,0.02,32.9,57.574999999999996
572,2026-01-28,8,1,3,10,4,0.03,13.4,23.45
573,2026-01-30,75,2,3,7,2,0.03,29.0,42.05
574,2026-02-25,39,1,3,31,4,0.04,41.0,71.75
575,2026-02-18,48,3,1,26,4,0.0,55.0,96.25
576,2026-04-24,72,1,4,28,4,0.03,30.08,52.64
577,2026-07-10,73,2,1,25,2,0.05,25.3,44.275
578,2026-03-05,40,3,4,26,2,0.01,27.5,48.125
579,2026-06-25,63,3,2,1,2,0.05,80.22,116.31899999999999
580,2026-07-02,1,3,4,32,3,0.02,37.410000000000004,65.4675
581,2026-06-03,9,2,3,34,2,0.02,19.78,34.615
582,2026-06-23,93,1,3,5,4,0.0,617.0,894.65
583,2026-04-25,71,3,1,9,4,0.02,8.6,15.049999999999999
584,2026-03-02,36,1,1,28,4,0.02,30.08,52.64
585,2026-08-04,86,2,3,10,3,0.05,10.05,17.5875
586,2026-02-26,4,1,1,14,1,0.01,8.45,14.787499999999998
587,2026-07-30,12,1,2,28,2,0.05,15.04,26.32
588,2026-03-07,72,1,2,18,4,0.04,309.28,541.24
589,2026-01-02,36,3,1,9,3,0.0,6.449999999999999,11.2875
590,2026-07-15,68,1,3,25,1,0.05,12.65,22.1375
591,2026-05-21,91,1,1,26,2,0.02,27.5,48.125
592,2026-07-17,71,2,4,30,1,0.01,16.45,28.787499999999998
593,2026-03-06,22,3,1,16,1,0.02,54.15,94.7625
594,2026-05-26,57,2,3,26,4,0.05,55.0,96.25
595,2026-01-14,6,2,4,10,4,0.04,13.4,23.45
596,2026-04-21,44,1,3,30,4,0.02,65.8,115.14999999999999
597,2026-07-23,55,2,3,12,2,0.02,13.16,23.03
598,2026-04-28,22,1,3,20,3,0.05,14.25,24.9375
599,2026-03-13,94,1,3,30,3,0.0,49.349999999999994,86.3625
600,2026-08-17,80,1,1,32,2,0.01,24.94,43.645
601,2026-01-05,21,3,4,24,3,0.04,37.349999999999994,65.3625
602,2026-06-11,38,2,2,28,3,0.03,22.56,39.480000000000004
603,2026-06-26,9,1,2,26,2,0.03,27.5,48.125
604,2026-06-23,72,2,1,8,1,0.04,2.25,3.2624999999999997
605,2026-03-05,8,1,3,25,4,0.02,50.6,88.55
606,2026-04-07,93,2,2,6,1,0.03,1.54,2.233
607,2026-08-21,98,2,4,20,2,0.01,9.5,16.625
608,2026-01-22,71,3,4,34,1,0.02,9.89,17.3075
609,2026-06-11,82,1,3,9,3,0.02,6.449999999999999,11.2875
610,2026-08-17,16,2,2,14,3,0.02,25.349999999999998,44.3625
611,2026-05-25,13,3,2,28,1,0.03,7.52,13.16
612,2026-05-07,21,2,4,2,4,0.04,272.6,395.27000000000004
613,2026-01-30,45,1,1,20,3,0.02,14.25,24.9375
614,2026-06-23,97,1,4,6,1,0.03,1.54,2.233
615,2026-06-13,96,1,1,26,3,0.01,41.25,72.1875
616,2026-04-27,35,3,3,16,1,0.02,54.15,94.7625
617,2026-01-23,50,1,3,31,1,0.01,10.25,17.9375
618,2026-07-31,78,1,2,31,4,0.02,41.0,71.75
619,2026-01-16,96,1,1,11,4,0.03,23.0,40.25
620,2026-05-16,67,1,4,32,2,0.01,24.94,43.645
621,2026-02-13,49,1,3,34,1,0.02,9.89,17.3075
622,2026-08-24,2,3,2,7,3,0.02,43.5,63.074999999999996
623,2026-08-11,59,1,4,3,2,0.04,150.48,218.19599999999997
624,2026-01-24,80,1,1,31,1,0.03,10.25,17.9375
625,2026-04-15,5,1,3,32,4,0.03,49.88,87.29
626,2026-02-14,90,3,3,6,1,0.04,1.54,2.233
627,2026-03-21,17,1,2,2,3,0.0,204.45000000000002,296.45250000000004
628,2026-05-09,78,1,4,11,4,0.04,23.0,40.25
629,2026-05-18,47,1,2,25,4,0.02,50.6,88.55
630,2026-02-03,86,3,4,31,4,0.04,41.0,71.75
631,2026-03-28,20,3,4,23,2,0.04,31.18,54.565
632,2026-01-20,26,1,3,6,2,0.02,3.08,4.466
633,2026-08-22,41,2,3,8,3,0.02,6.75,9.7875
634,2026-05-07,27,1,1,29,2,0.04,17.04,29.82
635,2026-03-31,81,1,2,17,1,0.02,65.45,114.53750000000001
636,2026-04-29,39,2,2,3,1,0.03,75.24,109.09799999999998
637,2026-04-22,21,1,3,23,4,0.01,62.36,109.13
638,2026-08-21,25,1,1,14,2,0.0,16.9,29.574999999999996
639,2026-04-29,7,1,3,28,3,0.05,22.56,39.480000000000004
640,2026-08-31,73,3,1,12,2,0.02,13.16,23.03
641,2026-06-13,88,1,2,27,3,0.02,23.97,41.9475
642,2026-06-24,86,1,1,3,4,0.04,300.96,436.39199999999994
643,2026-01-13,23,1,1,9,1,0.02,2.15,3.7624999999999997
644,2026-04-11,77,1,3,25,1,0.05,12.65,22.1375
645,2026-03-19,51,3,4,12,4,0.03,26.32,46.06
646,2026-01-09,36,3,4,30,4,0.05,65.8,115.14999999999999
647,2026-04-08,21,1,1,16,3,0.01,162.45,284.2875
648,2026-07-28,73,2,2,11,3,0.02,17.25,30.1875
649,2026-07-17,78,2,4,2,2,0.03,136.3,197.63500000000002
650,2026-06-01,74,3,4,10,3,0.01,10.05,17.5875
651,2026-08-04,71,2,4,13,3,0.03,16.259999999999998,28.455
652,2026-04-30,67,2,3,1,3,0.04,120.33,174.4785
653,2026-05-01,92,1,4,12,4,0.02,26.32,46.06
654,2026-07-25,32,1,1,13,4,0.0,21.68,37.94
655,2026-02-18,81,1,3,29,4,0.02,34.08,59.64
656,2026-07-07,24,2,1,13,4,0.01,21.68,37.94
657,2026-03-17,79,3,4,7,2,0.03,29.0,42.05
658,2026-08-24,40,2,3,6,4,0.04,6.16,8.932
659,2026-07-29,95,3,4,17,2,0.02,130.9,229.07500000000002
660,2026-02-16,2,1,4,4,4,0.03,381.4,553.03
661,2026-07-29,90,2,4,22,4,0.01,29.8,52.15
662,2026-03-04,90,3,1,9,1,0.03,2.15,3.7624999999999997
663,2026-01-26,67,2,4,13,3,0.03,16.259999999999998,28.455
664,2026-06-12,13,3,3,31,2,0.0,20.5,35.875
665,2026-06-09,81,1,3,13,3,0.02,16.259999999999998,28.455
666,2026-01-21,42,3,4,29,3,0.03,25.56,44.730000000000004
667,2026-01-05,38,3,1,34,4,0.04,39.56,69.23
668,2026-01-15,68,1,3,26,3,0.04,41.25,72.1875
669,2026-03-04,11,3,2,17,3,0.03,196.35000000000002,343.6125
670,2026-05-23,37,1,3,8,2,0.05,4.5,6.5249999999999995
671,2026-08-10,32,1,3,17,1,0.01,65.45,114.53750000000001
672,2026-02-27,47,2,3,7,3,0.02,43.5,63.074999999999996
673,2026-07-31,61,3,3,20,2,0.01,9.5,16.625
674,2026-02-13,36,2,4,13,2,0.0,10.84,18.97
675,2026-06-15,55,1,1,32,2,0.04,24.94,43.645
676,2026-04-23,27,2,1,20,3,0.0,14.25,24.9375
677,2026-08-27,38,3,2,2,3,0.01,204.45000000000002,296.45250000000004
678,2026-06-17,11,3,2,34,1,0.03,9.89,17.3075
679,2026-06-11,27,1,2,30,2,0.04,32.9,57.574999999999996
680,2026-06-25,92,1,2,18,1,0.03,77.32,135.31
681,2026-08-22,39,2,2,28,2,0.04,15.04,26.32
682,2026-02-28,34,1,1,22,2,0.0,14.9,26.075
683,2026-05-27,61,2,2,9,3,0.02,6.449999999999999,11.2875
684,2026-08-06,66,2,4,14,1,0.04,8.45,14.787499999999998
685,2026-01-15,83,3,3,30,4,0.05,65.8,115.14999999999999
686,2026-03-10,2,3,3,11,2,0.0,11.5,20.125
687,2026-04-03,94,3,1,18,1,0.04,77.32,135.31
688,2026-04-29,83,1,3,15,4,0.02,46.32,81.06
689,2026-07-31,8,2,3,21,4,0.02,9.0,15.75
690,2026-05-08,99,3,3,16,2,0.02,108.3,189.525
691,2026-04-03,63,1,1,2,4,0.01,272.6,395.27000000000004
692,2026-01-27,22,2,1,30,3,0.02,49.349999999999994,86.3625
693,2026-01-07,59,2,1,11,4,0.04,23.0,40.25
694,2026-04-16,19,2,3,22,1,0.05,7.45,13.0375
695,2026-08-17,69,3,2,23,2,0.03,31.18,54.565
696,2026-04-18,58,2,2,34,4,0.01,39.56,69.23
697,2026-05-04,27,1,2,12,4,0.04,26.32,46.06
698,2026-06-10,95,1,2,8,4,0.05,9.0,13.049999999999999
699,2026-02-14,3,2,4,20,2,0.04,9.5,16.625
700,2026-02-24,8,1,4,3,3,0.02,225.71999999999997,327.294
701,2026-02-10,25,2,1,24,3,0.01,37.349999999999994,65.3625
702,2026-05-06,40,3,3,5,4,0.02,617.0,894.65
703,2026-03-17,11,1,2,1,1,0.02,40.11,58.159499999999994
704,2026-01-21,22,2,4,22,4,0.01,29.8,52.15
705,2026-08-11,79,3,2,29,3,0.03,25.56,44.730000000000004
706,2026-08-14,40,2,4,28,4,0.04,30.08,52.64
707,2026-04-13,20,3,1,18,4,0.01,309.28,541.24
708,2026-04-17,36,3,1,18,4,0.04,309.28,541.24
709,2026-04-13,97,2,1,9,2,0.05,4.3,7.5249999999999995
710,2026-05-19,64,2,2,13,1,0.01,5.42,9.485
711,2026-08-12,42,1,4,20,4,0.03,19.0,33.25
712,2026-04-25,21,3,3,27,2,0.02,15.98,27.965
713,2026-04-16,10,1,2,23,3,0.01,46.769999999999996,81.8475
714,2026-05-06,15,2,1,17,1,0.0,65.45,114.53750000000001
715,2026-04-21,25,2,3,9,3,0.01,6.449999999999999,11.2875
716,2026-01-16,72,2,4,22,4,0.01,29.8,52.15
717,2026-08-25,45,1,4,5,3,0.03,462.75,670.9875
718,2026-01-20,26,3,2,24,4,0.01,49.8,87.14999999999999
719,2026-04-29,67,2,4,11,2,0.01,11.5,20.125
720,2026-07-22,11,3,4,11,3,0.03,17.25,30.1875
721,2026-07-21,50,2,4,28,3,0.03,22.56,39.480000000000004
722,2026-04-23,25,2,4,2,2,0.05,136.3,197.63500000000002
723,2026-02-05,61,2,3,4,2,0.04,190.7,276.515
724,2026-02-14,38,1,1,19,4,0.02,18.16,31.78
725,2026-03-25,27,2,1,25,3,0.03,37.95,66.4125
726,2026-01-21,99,2,3,29,1,0.01,8.52,14.91
727,2026-01-03,71,1,2,15,1,0.02,11.58,20.265
728,2026-04-08,2,2,2,7,4,0.02,58.0,84.1
729,2026-08-31,75,3,1,33,3,0.02,33.75,59.0625
730,2026-07-25,71,3,2,7,1,0.01,14.5,21.025
731,2026-04-14,23,2,4,17,3,0.04,196.35000000000002,343.6125
732,2026-05-26,36,1,2,31,3,0.02,30.75,53.8125
733,2026-05-08,89,1,3,5,2,0.05,308.5,447.325
734,2026-04-03,81,2,4,28,2,0.01,15.04,26.32
735,2026-06-02,30,3,4,18,4,0.02,309.28,541.24
736,2026-03-05,14,3,1,15,3,0.05,34.74,60.795
737,2026-07-24,30,1,3,10,4,0.01,13.4,23.45
738,2026-06-29,17,3,4,24,1,0.03,12.45,21.787499999999998
739,2026-07-15,55,2,2,5,1,0.02,154.25,223.6625
740,2026-05-05,26,2,2,1,2,0.01,80.22,116.31899999999999
741,2026-01-30,31,2,1,18,3,0.01,231.95999999999998,405.93
742,2026-06-03,69,2,3,15,1,0.03,11.58,20.265
743,2026-05-21,5,1,3,12,2,0.04,13.16,23.03
744,2026-01-29,45,1,3,15,1,0.03,11.58,20.265
745,2026-07-28,50,2,4,25,4,0.02,50.6,88.55
746,2026-04-24,91,3,4,16,4,0.02,216.6,379.05
747,2026-04-21,3,3,2,8,4,0.05,9.0,13.049999999999999
748,2026-08-08,61,2,4,10,2,0.04,6.7,11.725
749,2026-04-23,83,2,1,16,1,0.04,54.15,94.7625
750,2026-01-15,46,2,1,22,2,0.01,14.9,26.075
751,2026-01-30,47,2,4,12,2,0.05,13.16,23.03
752,2026-08-22,22,2,3,29,3,0.03,25.56,44.730000000000004
753,2026-05-29,24,3,2,29,3,0.01,25.56,44.730000000000004
754,2026-01-24,42,1,1,14,1,0.02,8.45,14.787499999999998
755,2026-08-24,27,1,3,30,3,0.02,49.349999999999994,86.3625
756,2026-04-23,21,2,4,12,4,0.01,26.32,46.06
757,2026-04-21,11,1,2,24,4,0.04,49.8,87.14999999999999
758,2026-01-31,72,3,4,13,4,0.01,21.68,37.94
759,2026-08-10,43,3,4,9,3,0.01,6.449999999999999,11.2875
760,2026-07-15,59,2,4,14,2,0.02,16.9,29.574999999999996
761,2026-01-03,34,3,3,17,2,0.01,130.9,229.07500000000002
762,2026-04-27,52,1,1,12,2,0.03,13.16,23.03
763,2026-04-03,83,3,2,16,1,0.04,54.15,94.7625
764,2026-03-17,29,2,4,26,3,0.02,41.25,72.1875
765,2026-05-07,45,2,1,20,2,0.04,9.5,16.625
766,2026-02-03,32,2,3,29,2,0.04,17.04,29.82
767,2026-07-29,46,2,3,30,2,0.02,32.9,57.574999999999996
768,2026-07-16,51,3,1,18,3,0.01,231.95999999999998,405.93
769,2026-07-29,21,1,2,23,2,0.0,31.18,54.565
770,2026-01-31,87,3,3,18,1,0.03,77.32,135.31
771,2026-01-16,44,2,2,4,2,0.03,190.7,276.515
772,2026-07-22,28,1,4,27,4,0.02,31.96,55.93
773,2026-06-15,47,1,3,17,2,0.04,130.9,229.07500000000002
774,2026-02-12,14,3,4,21,1,0.04,2.25,3.9375
775,2026-05-09,50,1,3,26,4,0.04,55.0,96.25
776,2026-04-13,74,3,1,28,1,0.02,7.52,13.16
777,2026-07-21,89,3,1,12,2,0.02,13.16,23.03
778,2026-05-20,94,3,1,16,2,0.04,108.3,189.525
779,2026-01-05,55,2,3,18,4,0.02,309.28,541.24
780,2026-01-30,72,3,2,17,4,0.02,261.8,458.15000000000003
781,2026-04-28,42,3,4,10,1,0.02,3.35,5.8625
782,2026-08-05,43,3,3,21,4,0.0,9.0,15.75
783,2026-03-02,10,2,1,3,1,0.04,75.24,109.09799999999998
784,2026-03-04,39,2,2,33,2,0.03,22.5,39.375
785,2026-08-19,88,3,2,33,4,0.02,45.0,78.75
786,2026-08-25,10,3,3,26,2,0.01,27.5,48.125
787,2026-06-16,21,1,4,1,1,0.01,40.11,58.159499999999994
788,2026-06-24,4,3,3,7,4,0.01,58.0,84.1
789,2026-08-19,87,2,1,12,2,0.05,13.16,23.03
790,2026-04-18,25,1,1,29,3,0.01,25.56,44.730000000000004
791,2026-05-19,82,3,2,25,4,0.04,50.6,88.55
792,2026-03-09,30,2,1,18,2,0.02,154.64,270.62
793,2026-05-16,60,1,4,15,1,0.02,11.58,20.265
794,2026-06-02,38,2,2,11,4,0.04,23.0,40.25
795,2026-03-30,33,2,2,23,4,0.03,62.36,109.13
796,2026-01-14,26,3,2,29,4,0.0,34.08,59.64
797,2026-01-02,36,1,1,2,1,0.01,68.15,98.81750000000001
798,2026-05-01,70,2,4,30,3,0.01,49.349999999999994,86.3625
799,2026-01-15,65,1,3,26,1,0.0,13.75,24.0625
800,2026-02-12,24,3,1,9,3,0.02,6.449999999999999,11.2875
801,2026-04-02,87,1,4,29,2,0.05,17.04,29.82
802,2026-04-04,90,1,2,22,1,0.01,7.45,13.0375
803,2026-04-13,38,2,1,24,1,0.04,12.45,21.787499999999998
804,2026-05-28,43,2,3,14,2,0.0,16.9,29.574999999999996
805,2026-02-21,77,1,3,25,3,0.0,37.95,66.4125
806,2026-07-15,67,3,2,33,2,0.04,22.5,39.375
807,2026-07-27,88,1,4,30,4,0.03,65.8,115.14999999999999
808,2026-03-09,63,2,1,32,4,0.02,49.88,87.29
809,2026-03-05,20,3,2,5,4,0.02,617.0,894.65
810,2026-06-26,71,2,4,23,3,0.04,46.769999999999996,81.8475
811,2026-02-03,58,2,2,32,4,0.02,49.88,87.29
812,2026-02-17,84,3,3,4,3,0.04,286.04999999999995,414.7725
813,2026-04-14,51,3,2,6,3,0.04,4.62,6.699
814,2026-07-06,11,1,4,29,4,0.04,34.08,59.64
815,2026-03-11,43,1,1,23,2,0.03,31.18,54.565
816,2026-04-04,76,2,4,29,1,0.02,8.52,14.91
817,2026-01-29,12,2,4,26,3,0.02,41.25,72.1875
818,2026-05-23,85,2,1,8,4,0.0,9.0,13.049999999999999
819,2026-02-14,33,3,1,5,3,0.0,462.75,670.9875
820,2026-08-01,43,3,1,28,1,0.05,7.52,13.16
821,2026-07-08,98,1,4,7,3,0.04,43.5,63.074999999999996
822,2026-05-30,7,3,2,21,4,0.01,9.0,15.75
823,2026-05-09,50,3,3,3,3,0.04,225.71999999999997,327.294
824,2026-04-29,17,2,2,32,4,0.03,49.88,87.29
825,2026-07-29,59,1,4,32,3,0.0,37.410000000000004,65.4675
826,2026-02-24,11,3,4,25,1,0.02,12.65,22.1375
827,2026-02-11,86,2,2,13,2,0.03,10.84,18.97
828,2026-04-04,87,3,4,31,3,0.05,30.75,53.8125
829,2026-08-31,94,3,2,15,1,0.05,11.58,20.265
830,2026-05-27,82,1,2,6,1,0.02,1.54,2.233
831,2026-03-25,13,3,4,24,4,0.04,49.8,87.14999999999999
832,2026-02-21,16,2,4,15,3,0.03,34.74,60.795
833,2026-07-13,95,1,1,11,1,0.02,5.75,10.0625
834,2026-04-04,34,1,2,11,4,0.0,23.0,40.25
835,2026-01-14,74,1,1,10,3,0.03,10.05,17.5875
836,2026-06-25,14,1,4,24,3,0.01,37.349999999999994,65.3625
837,2026-03-30,32,3,4,33,2,0.02,22.5,39.375
838,2026-07-14,70,2,4,15,1,0.01,11.58,20.265
839,2026-07-23,37,1,3,27,1,0.02,7.99,13.9825
840,2026-02-13,75,3,1,29,4,0.05,34.08,59.64
841,2026-08-29,36,1,4,25,1,0.01,12.65,22.1375
842,2026-02-06,98,2,2,9,3,0.0,6.449999999999999,11.2875
843,2026-03-31,68,2,3,22,2,0.03,14.9,26.075
844,2026-01-27,41,2,1,18,3,0.0,231.95999999999998,405.93
845,2026-06-06,95,1,1,24,1,0.02,12.45,21.787499999999998
846,2026-03-03,61,2,4,19,1,0.03,4.54,7.945
847,2026-05-09,64,3,1,9,3,0.05,6.449999999999999,11.2875
848,2026-04-01,37,2,4,24,1,0.0,12.45,21.787499999999998
849,2026-02-09,43,3,4,10,4,0.0,13.4,23.45
850,2026-08-28,10,3,4,17,2,0.04,130.9,229.07500000000002
851,2026-02-05,8,3,3,34,4,0.03,39.56,69.23
852,2026-05-05,3,3,2,18,3,0.02,231.95999999999998,405.93
853,2026-02-17,93,3,4,18,4,0.02,309.28,541.24
854,2026-03-07,74,2,3,3,2,0.04,150.48,218.19599999999997
855,2026-02-28,83,1,3,26,2,0.02,27.5,48.125
856,2026-05-07,78,3,2,14,2,0.02,16.9,29.574999999999996
857,2026-04-15,15,3,1,1,2,0.03,80.22,116.31899999999999
858,2026-08-03,64,1,3,25,1,0.03,12.65,22.1375
859,2026-03-02,47,1,3,23,2,0.05,31.18,54.565
860,2026-01-09,68,1,4,30,3,0.02,49.349999999999994,86.3625
861,2026-05-05,36,2,4,22,1,0.05,7.45,13.0375
862,2026-05-20,77,2,1,28,1,0.01,7.52,13.16
863,2026-08-26,67,3,1,28,3,0.01,22.56,39.480000000000004
864,2026-07-18,27,3,2,7,3,0.0,43.5,63.074999999999996
865,2026-03-16,70,3,2,31,2,0.02,20.5,35.875
866,2026-01-02,36,1,4,25,4,0.03,50.6,88.55
867,2026-04-02,62,3,2,29,3,0.01,25.56,44.730000000000004
868,2026-08-22,79,3,3,23,2,0.03,31.18,54.565
869,2026-01-24,63,3,4,6,2,0.03,3.08,4.466
870,2026-02-07,82,2,1,2,3,0.0,204.45000000000002,296.45250000000004
871,2026-03-19,91,2,1,31,1,0.03,10.25,17.9375
872,2026-01-01,23,2,2,8,2,0.02,4.5,6.5249999999999995
873,2026-04-03,65,2,1,17,4,0.0,261.8,458.15000000000003
874,2026-04-25,27,1,4,23,4,0.02,62.36,109.13
875,2026-07-25,2,2,4,23,4,0.05,62.36,109.13
876,2026-06-22,29,3,1,7,4,0.0,58.0,84.1
877,2026-08-12,59,3,2,22,3,0.03,22.35,39.1125
878,2026-05-26,84,3,4,12,1,0.0,6.58,11.515
879,2026-02-07,30,2,4,14,4,0.02,33.8,59.14999999999999
880,2026-03-10,71,2,2,30,2,0.02,32.9,57.574999999999996
881,2026-04-10,9,1,1,10,1,0.03,3.35,5.8625
882,2026-06-20,2,1,4,13,3,0.02,16.259999999999998,28.455
883,2026-01-10,95,3,3,26,4,0.01,55.0,96.25
884,2026-07-07,31,2,4,5,1,0.04,154.25,223.6625
885,2026-07-30,88,1,1,27,1,0.02,7.99,13.9825
886,2026-06-10,23,1,3,24,3,0.0,37.349999999999994,65.3625
887,2026-06-01,77,3,2,4,1,0.03,95.35,138.2575
888,2026-05-01,6,1,2,19,4,0.03,18.16,31.78
889,2026-07-04,26,3,4,22,4,0.0,29.8,52.15
890,2026-01-09,80,1,1,33,2,0.03,22.5,39.375
891,2026-03-09,81,2,1,29,3,0.01,25.56,44.730000000000004
892,2026-07-14,65,1,3,6,1,0.04,1.54,2.233
893,2026-06-29,56,2,4,3,1,0.01,75.24,109.09799999999998
894,2026-04-23,88,2,1,20,1,0.04,4.75,8.3125
895,2026-04-28,72,1,4,9,3,0.02,6.449999999999999,11.2875
896,2026-07-06,98,1,2,2,1,0.03,68.15,98.81750000000001
897,2026-06-20,35,1,4,28,1,0.04,7.52,13.16
898,2026-08-08,77,2,1,23,4,0.02,62.36,109.13
899,2026-01-31,91,3,2,29,4,0.03,34.08,59.64
900,2026-06-23,77,2,1,11,4,0.04,23.0,40.25
901,2026-02-25,36,1,4,5,1,0.01,154.25,223.6625
902,2026-08-07,53,3,3,13,2,0.01,10.84,18.97
903,2026-05-06,3,3,3,27,3,0.01,23.97,41.9475
904,2026-06-17,95,2,3,6,4,0.02,6.16,8.932
905,2026-02-10,81,1,2,10,2,0.03,6.7,11.725
906,2026-05-27,69,3,1,17,1,0.0,65.45,114.53750000000001
907,2026-01-31,92,2,4,30,4,0.02,65.8,115.14999999999999
908,2026-03-10,54,2,2,25,1,0.03,12.65,22.1375
909,2026-04-29,71,2,1,7,2,0.04,29.0,42.05
910,2026-03-11,62,1,1,33,1,0.04,11.25,19.6875
911,2026-04-18,8,1,3,24,1,0.0,12.45,21.787499999999998
912,2026-04-11,1,3,2,14,4,0.03,33.8,59.14999999999999
913,2026-07-09,26,1,3,16,4,0.02,216.6,379.05
914,2026-02-13,15,3,1,32,4,0.01,49.88,87.29
915,2026-08-13,11,3,3,22,3,0.05,22.35,39.1125
916,2026-03-21,74,3,2,24,1,0.04,12.45,21.787499999999998
917,2026-05-07,19,2,1,3,4,0.04,300.96,436.39199999999994
918,2026-04-16,65,1,1,33,3,0.04,33.75,59.0625
919,2026-05-14,23,2,2,19,1,0.02,4.54,7.945
920,2026-06-19,25,1,2,9,4,0.05,8.6,15.049999999999999
921,2026-01-19,18,2,1,2,4,0.0,272.6,395.27000000000004
922,2026-03-31,24,3,3,20,3,0.01,14.25,24.9375
923,2026-01-15,78,3,3,27,2,0.03,15.98,27.965
924,2026-07-20,64,3,2,14,1,0.01,8.45,14.787499999999998
925,2026-08-01,75,2,2,31,1,0.01,10.25,17.9375
926,2026-07-27,85,3,4,1,1,0.0,40.11,58.159499999999994
927,2026-05-28,10,3,4,24,4,0.05,49.8,87.14999999999999
928,2026-04-07,41,2,1,32,2,0.03,24.94,43.645
929,2026-02-16,59,1,2,31,1,0.01,10.25,17.9375
930,2026-06-09,2,1,3,32,4,0.02,49.88,87.29
931,2026-07-21,98,1,1,5,4,0.02,617.0,894.65
932,2026-07-10,24,1,2,10,1,0.02,3.35,5.8625
933,2026-08-22,51,3,4,4,3,0.03,286.04999999999995,414.7725
934,2026-06-04,73,2,2,16,3,0.05,162.45,284.2875
935,2026-08-19,29,1,3,6,2,0.05,3.08,4.466
936,2026-02-12,62,2,3,22,3,0.01,22.35,39.1125
937,2026-03-20,78,2,4,18,1,0.03,77.32,135.31
938,2026-07-23,5,1,4,7,2,0.04,29.0,42.05
939,2026-08-20,41,1,1,17,2,0.03,130.9,229.07500000000002
940,2026-03-21,45,1,2,13,2,0.01,10.84,18.97
941,2026-06-20,59,3,3,18,2,0.03,154.64,270.62
942,2026-01-27,61,2,2,17,1,0.04,65.45,114.53750000000001
943,2026-04-15,4,1,1,15,4,0.02,46.32,81.06
944,2026-05-04,80,3,3,34,3,0.05,29.67,51.9225
945,2026-02-26,52,1,2,22,3,0.05,22.35,39.1125
946,2026-06-02,29,3,2,3,4,0.02,300.96,436.39199999999994
947,2026-03-14,88,1,3,7,1,0.05,14.5,21.025
948,2026-03-14,32,1,3,29,2,0.03,17.04,29.82
949,2026-07-31,23,1,2,25,4,0.05,50.6,88.55
950,2026-07-16,2,1,2,9,4,0.0,8.6,15.049999999999999
951,2026-04-01,98,1,4,10,1,0.05,3.35,5.8625
952,2026-06-30,65,3,1,2,4,0.0,272.6,395.27000000000004
953,2026-03-17,72,2,2,10,4,0.04,13.4,23.45
954,2026-07-22,43,2,2,13,3,0.02,16.259999999999998,28.455
955,2026-06-13,60,3,1,21,1,0.04,2.25,3.9375
956,2026-05-27,87,1,4,4,4,0.02,381.4,553.03
957,2026-06-26,17,3,1,5,2,0.02,308.5,447.325
958,2026-01-05,86,3,1,31,2,0.01,20.5,35.875
959,2026-08-15,33,1,1,20,3,0.01,14.25,24.9375
960,2026-08-01,98,2,2,12,2,0.02,13.16,23.03
961,2026-02-02,93,3,4,3,3,0.03,225.71999999999997,327.294
962,2026-02-03,54,3,4,3,3,0.03,225.71999999999997,327.294
963,2026-03-16,14,2,1,23,3,0.02,46.769999999999996,81.8475
964,2026-08-12,93,2,1,5,3,0.01,462.75,670.9875
965,2026-06-23,41,1,2,26,2,0.0,27.5,48.125
966,2026-02-14,93,3,2,24,1,0.01,12.45,21.787499999999998
967,2026-01-06,63,3,4,11,4,0.04,23.0,40.25
968,2026-05-20,19,3,3,5,3,0.0,462.75,670.9875
969,2026-07-08,94,3,4,29,4,0.04,34.08,59.64
970,2026-02-23,3,1,2,26,2,0.05,27.5,48.125
971,2026-03-07,98,3,1,14,2,0.03,16.9,29.574999999999996
972,2026-06-13,73,1,4,18,3,0.01,231.95999999999998,405.93
973,2026-03-03,95,3,1,12,3,0.0,19.740000000000002,34.545
974,2026-08-14,41,3,4,9,2,0.02,4.3,7.5249999999999995
975,2026-08-13,36,3,3,22,3,0.04,22.35,39.1125
976,2026-07-23,1,2,1,9,3,0.03,6.449999999999999,11.2875
977,2026-04-07,53,1,3,27,3,0.02,23.97,41.9475
978,2026-03-25,67,1,1,31,3,0.02,30.75,53.8125
979,2026-02-03,8,2,3,21,2,0.01,4.5,7.875
980,2026-07-13,30,2,2,10,2,0.02,6.7,11.725
981,2026-07-11,99,1,3,34,2,0.01,19.78,34.615
982,2026-01-22,35,2,2,26,4,0.01,55.0,96.25
983,2026-08-04,4,1,3,22,4,0.02,29.8,52.15
984,2026-04-23,50,1,1,26,4,0.03,55.0,96.25
985,2026-03-19,90,2,4,29,3,0.02,25.56,44.730000000000004
986,2026-08-10,6,2,2,4,3,0.0,286.04999999999995,414.7725
987,2026-08-07,98,1,2,10,4,0.04,13.4,23.45
988,2026-03-11,97,2,1,12,4,0.01,26.32,46.06
989,2026-07-14,50,2,4,26,4,0.01,55.0,96.25
990,2026-06-06,2,3,4,15,3,0.03,34.74,60.795
991,2026-08-29,47,1,3,23,4,0.04,62.36,109.13
992,2026-08-26,35,1,2,13,2,0.0,10.84,18.97
993,2026-07-07,1,2,3,1,4,0.04,160.44,232.63799999999998
994,2026-06-16,28,3,4,5,1,0.03,154.25,223.6625
995,2026-06-01,20,3,3,11,1,0.01,5.75,10.0625
996,2026-01-20,85,3,2,13,3,0.04,16.259999999999998,28.455
997,2026-01-30,55,1,2,7,1,0.04,14.5,21.025
998,2026-07-10,34,1,3,31,1,0.04,10.25,17.9375
999,2026-03-07,19,1,1,2,2,0.02,136.3,197.63500000000002
1000,2026-08-18,6,3,3,19,4,0.05,18.16,31.78
1001,2026-07-01,37,3,4,29,4,0.03,34.08,59.64
1002,2026-05-22,94,3,3,28,1,0.01,7.52,13.16
1003,2026-06-20,11,2,2,21,3,0.03,6.75,11.8125
1004,2026-03-17,70,1,4,21,2,0.05,4.5,7.875
1005,2026-06-29,36,2,3,18,1,0.02,77.32,135.31
1006,2026-03-02,36,2,1,32,4,0.04,49.88,87.29
1007,2026-03-24,52,2,2,25,3,0.03,37.95,66.4125
1008,2026-02-25,97,1,3,25,4,0.03,50.6,88.55
1009,2026-06-26,52,1,4,26,2,0.04,27.5,48.125
1010,2026-04-14,24,3,3,29,3,0.04,25.56,44.730000000000004
1011,2026-05-07,40,3,3,31,2,0.04,20.5,35.875
1012,2026-01-17,69,1,4,19,2,0.01,9.08,15.89
1013,2026-01-17,28,2,3,34,4,0.04,39.56,69.23
1014,2026-03-24,92,2,1,17,4,0.04,261.8,458.15000000000003
1015,2026-06-15,25,2,3,26,4,0.02,55.0,96.25
1016,2026-06-23,21,2,3,3,1,0.01,75.24,109.09799999999998
1017,2026-04-25,89,1,1,15,4,0.03,46.32,81.06
1018,2026-06-08,95,2,3,28,1,0.03,7.52,13.16
1019,2026-06-24,57,3,4,6,4,0.04,6.16,8.932
1020,2026-05-21,62,1,1,12,3,0.0,19.740000000000002,34.545
1021,2026-06-19,52,3,3,21,3,0.05,6.75,11.8125
1022,2026-02-12,70,3,3,16,4,0.04,216.6,379.05
1023,2026-08-13,96,1,3,13,4,0.01,21.68,37.94
1024,2026-05-25,62,2,4,11,4,0.05,23.0,40.25
1025,2026-05-18,27,2,4,29,2,0.05,17.04,29.82
1026,2026-01-05,40,3,2,21,3,0.0,6.75,11.8125
1027,2026-03-12,47,3,1,20,3,0.04,14.25,24.9375
1028,2026-05-09,53,1,3,5,4,0.01,617.0,894.65
1029,2026-03-10,76,3,1,13,2,0.01,10.84,18.97
1030,2026-05-25,34,1,2,1,3,0.04,120.33,174.4785
1031,2026-07-21,68,3,2,33,4,0.04,45.0,78.75
1032,2026-07-14,89,2,2,27,3,0.02,23.97,41.9475
1033,2026-06-29,5,1,2,26,4,0.02,55.0,96.25
1034,2026-08-12,62,2,2,33,1,0.05,11.25,19.6875
1035,2026-01-08,41,2,3,15,3,0.01,34.74,60.795
1036,2026-07-09,6,2,1,21,4,0.02,9.0,15.75
1037,2026-04-30,66,3,1,15,4,0.02,46.32,81.06
1038,2026-08-15,56,3,2,27,2,0.04,15.98,27.965
1039,2026-06-13,64,1,2,4,3,0.01,286.04999999999995,414.7725
1040,2026-04-24,71,2,2,27,3,0.03,23.97,41.9475
1041,2026-05-02,4,3,2,27,3,0.0,23.97,41.9475
1042,2026-02-17,88,2,1,32,1,0.02,12.47,21.8225
1043,2026-08-25,16,1,4,34,1,0.01,9.89,17.3075
1044,2026-04-07,42,2,4,1,2,0.03,80.22,116.31899999999999
1045,2026-01-29,45,2,4,22,3,0.0,22.35,39.1125
1046,2026-02-26,8,2,2,11,4,0.02,23.0,40.25
1047,2026-01-30,21,1,2,18,4,0.01,309.28,541.24
1048,2026-07-06,91,2,2,22,3,0.0,22.35,39.1125
1049,2026-01-28,24,1,2,25,4,0.0,50.6,88.55
1050,2026-07-15,87,2,2,17,1,0.01,65.45,114.53750000000001
1051,2026-05-29,87,1,4,33,3,0.04,33.75,59.0625
1052,2026-02-17,93,2,4,33,1,0.04,11.25,19.6875
1053,2026-06-12,33,3,4,18,3,0.01,231.95999999999998,405.93
1054,2026-03-21,43,2,1,24,3,0.02,37.349999999999994,65.3625
1055,2026-06-10,11,1,3,14,1,0.02,8.45,14.787499999999998
1056,2026-03-19,63,1,4,2,4,0.01,272.6,395.27000000000004
1057,2026-01-20,46,3,4,12,2,0.01,13.16,23.03
1058,2026-05-12,65,3,4,5,2,0.01,308.5,447.325
1059,2026-08-21,56,3,3,27,2,0.03,15.98,27.965
1060,2026-02-18,99,2,2,21,2,0.04,4.5,7.875
1061,2026-02-13,22,3,2,30,2,0.02,32.9,57.574999999999996
1062,2026-04-09,98,3,4,28,2,0.03,15.04,26.32
1063,2026-04-29,34,1,4,2,4,0.01,272.6,395.27000000000004
1064,2026-07-10,42,3,1,1,2,0.02,80.22,116.31899999999999
1065,2026-05-19,26,3,4,23,1,0.03,15.59,27.2825
1066,2026-02-21,48,2,2,16,1,0.03,54.15,94.7625
1067,2026-06-06,91,3,3,27,2,0.03,15.98,27.965
1068,2026-01-01,34,1,2,23,3,0.02,46.769999999999996,81.8475
1069,2026-03-03,26,3,2,20,4,0.02,19.0,33.25
1070,2026-03-09,2,3,3,27,2,0.03,15.98,27.965
1071,2026-05-08,65,1,4,11,3,0.02,17.25,30.1875
1072,2026-05-01,55,2,3,27,3,0.0,23.97,41.9475
1073,2026-04-13,83,1,4,28,3,0.04,22.56,39.480000000000004
1074,2026-06-22,87,2,3,28,3,0.01,22.56,39.480000000000004
1075,2026-01-26,83,2,3,14,1,0.04,8.45,14.787499999999998
1076,2026-02-13,21,2,2,18,4,0.02,309.28,541.24
1077,2026-05-21,91,2,3,22,2,0.02,14.9,26.075
1078,2026-08-10,8,3,4,20,2,0.02,9.5,16.625
1079,2026-03-11,78,1,3,33,4,0.04,45.0,78.75
1080,2026-08-17,90,1,1,2,2,0.03,136.3,197.63500000000002
1081,2026-05-29,1,2,4,18,2,0.05,154.64,270.62
1082,2026-05-26,47,2,4,18,3,0.03,231.95999999999998,405.93
1083,2026-05-02,41,1,4,16,2,0.01,108.3,189.525
1084,2026-06-27,19,3,3,7,2,0.02,29.0,42.05
1085,2026-04-07,3,2,4,11,2,0.01,11.5,20.125
1086,2026-03-10,18,1,4,11,3,0.03,17.25,30.1875
1087,2026-05-28,50,1,1,4,1,0.01,95.35,138.2575
1088,2026-05-27,74,2,1,13,3,0.01,16.259999999999998,28.455
1089,2026-03-11,44,3,1,22,4,0.05,29.8,52.15
1090,2026-08-20,11,1,4,1,2,0.02,80.22,116.31899999999999
1091,2026-07-17,27,2,4,28,2,0.03,15.04,26.32
1092,2026-05-29,86,2,1,12,3,0.02,19.740000000000002,34.545
1093,2026-04-16,64,1,4,10,1,0.03,3.35,5.8625
1094,2026-08-31,34,2,4,13,2,0.05,10.84,18.97
1095,2026-03-05,86,3,1,7,4,0.03,58.0,84.1
1096,2026-08-11,54,2,2,29,3,0.02,25.56,44.730000000000004
1097,2026-02-07,52,1,2,33,2,0.03,22.5,39.375
1098,2026-08-06,75,2,3,28,4,0.03,30.08,52.64
1099,2026-01-03,84,1,2,10,3,0.0,10.05,17.5875
1100,2026-03-28,76,1,1,19,1,0.01,4.54,7.945
1101,2026-07-07,85,1,1,29,2,0.03,17.04,29.82
1102,2026-04-28,78,3,1,34,2,0.04,19.78,34.615
1103,2026-02-10,50,2,1,10,1,0.05,3.35,5.8625
1104,2026-07-13,76,1,3,13,3,0.05,16.259999999999998,28.455
1105,2026-01-23,4,1,1,4,4,0.05,381.4,553.03
1106,2026-05-27,90,3,1,4,2,0.03,190.7,276.515
1107,2026-04-02,1,1,2,26,4,0.01,55.0,96.25
1108,2026-03-05,85,3,3,29,2,0.04,17.04,29.82
1109,2026-05-11,93,2,1,20,4,0.04,19.0,33.25
1110,2026-04-24,11,2,1,17,2,0.0,130.9,229.07500000000002
1111,2026-01-23,41,2,1,2,2,0.05,136.3,197.63500000000002
1112,2026-01-03,19,1,3,31,2,0.03,20.5,35.875
1113,2026-03-17,53,2,4,4,3,0.03,286.04999999999995,414.7725
1114,2026-04-13,71,1,3,32,4,0.04,49.88,87.29
1115,2026-03-26,64,1,3,23,4,0.04,62.36,109.13
1116,2026-03-09,83,1,4,1,4,0.04,160.44,232.63799999999998
1117,2026-05-01,1,2,1,7,3,0.03,43.5,63.074999999999996
1118,2026-05-30,59,3,3,17,3,0.02,196.35000000000002,343.6125
1119,2026-02-09,14,3,2,22,2,0.03,14.9,26.075
1120,2026-02-18,41,1,3,26,2,0.03,27.5,48.125
1121,2026-08-04,75,3,3,8,4,0.03,9.0,13.049999999999999
1122,2026-02-18,15,1,3,32,4,0.01,49.88,87.29
1123,2026-07-21,78,2,2,7,4,0.04,58.0,84.1
1124,2026-08-27,67,3,3,28,4,0.05,30.08,52.64
1125,2026-04-18,18,1,4,8,4,0.01,9.0,13.049999999999999
1126,2026-05-08,13,3,1,26,3,0.03,41.25,72.1875
1127,2026-06-01,50,3,1,21,2,0.02,4.5,7.875
1128,2026-03-31,35,3,4,29,1,0.04,8.52,14.91
1129,2026-06-18,80,1,3,19,4,0.01,18.16,31.78
1130,2026-07-24,78,2,1,5,2,0.03,308.5,447.325
1131,2026-06-09,97,2,4,27,1,0.02,7.99,13.9825
1132,2026-02-27,57,3,3,28,2,0.02,15.04,26.32
1133,2026-02-24,60,1,4,20,1,0.03,4.75,8.3125
1134,2026-05-20,66,1,1,26,4,0.04,55.0,96.25
1135,2026-07-11,1,2,1,8,2,0.02,4.5,6.5249999999999995
1136,2026-01-20,65,1,4,19,3,0.04,13.620000000000001,23.835
1137,2026-01-27,45,3,4,27,1,0.03,7.99,13.9825
1138,2026-01-21,38,2,4,16,3,0.02,162.45,284.2875
1139,2026-03-20,92,2,1,26,4,0.0,55.0,96.25
1140,2026-01-08,80,2,3,23,4,0.04,62.36,109.13
1141,2026-01-10,39,1,3,34,3,0.04,29.67,51.9225
1142,2026-08-20,49,1,2,3,3,0.04,225.71999999999997,327.294
1143,2026-08-28,55,1,1,30,1,0.04,16.45,28.787499999999998
1144,2026-03-20,37,3,3,33,3,0.01,33.75,59.0625
1145,2026-06-22,53,1,1,27,4,0.01,31.96,55.93
1146,2026-07-09,16,3,2,13,1,0.05,5.42,9.485
1147,2026-07-01,77,1,1,9,1,0.04,2.15,3.7624999999999997
1148,2026-03-09,45,1,4,19,3,0.0,13.620000000000001,23.835
1149,2026-01-19,96,2,2,13,3,0.02,16.259999999999998,28.455
1150,2026-04-11,16,3,1,18,1,0.0,77.32,135.31
1151,2026-01-17,27,3,2,25,1,0.02,12.65,22.1375
1152,2026-04-06,74,3,4,28,2,0.02,15.04,26.32
1153,2026-04-04,34,2,3,4,4,0.02,381.4,553.03
1154,2026-03-19,30,3,2,24,2,0.01,24.9,43.574999999999996
1155,2026-06-09,5,1,2,19,2,0.03,9.08,15.89
1156,2026-03-06,1,3,2,23,3,0.02,46.769999999999996,81.8475
1157,2026-05-29,95,2,1,12,4,0.01,26.32,46.06
1158,2026-06-02,54,2,1,21,4,0.04,9.0,15.75
1159,2026-04-04,89,1,1,18,2,0.04,154.64,270.62
1160,2026-08-22,8,3,3,30,3,0.02,49.349999999999994,86.3625
1161,2026-03-24,84,1,3,19,3,0.0,13.620000000000001,23.835
1162,2026-02-28,47,2,3,7,3,0.04,43.5,63.074999999999996
1163,2026-08-14,45,3,3,26,4,0.0,55.0,96.25
1164,2026-04-02,30,2,1,30,3,0.05,49.349999999999994,86.3625
1165,2026-07-21,21,2,1,23,1,0.02,15.59,27.2825
1166,2026-03-14,3,3,1,13,4,0.05,21.68,37.94
1167,2026-06-20,13,1,1,11,1,0.01,5.75,10.0625
1168,2026-06-30,5,2,1,20,2,0.02,9.5,16.625
1169,2026-01-31,83,3,2,10,1,0.01,3.35,5.8625
1170,2026-06-23,60,3,2,7,4,0.03,58.0,84.1
1171,2026-02-21,97,2,1,6,2,0.03,3.08,4.466
1172,2026-02-12,84,3,1,11,1,0.0,5.75,10.0625
1173,2026-03-18,57,1,1,5,2,0.02,308.5,447.325
1174,2026-05-22,10,1,3,31,1,0.04,10.25,17.9375
1175,2026-07-13,53,1,3,23,4,0.04,62.36,109.13
1176,2026-05-05,18,2,3,6,3,0.04,4.62,6.699
1177,2026-03-02,13,1,2,16,2,0.04,108.3,189.525
1178,2026-06-19,24,2,4,34,1,0.03,9.89,17.3075
1179,2026-08-25,47,2,3,28,2,0.05,15.04,26.32
1180,2026-08-06,76,1,1,30,2,0.02,32.9,57.574999999999996
1181,2026-01-13,96,1,4,30,1,0.03,16.45,28.787499999999998
1182,2026-01-27,41,1,3,20,3,0.02,14.25,24.9375
1183,2026-03-04,4,2,4,6,2,0.02,3.08,4.466
1184,2026-03-06,85,3,3,12,3,0.05,19.740000000000002,34.545
1185,2026-06-20,92,2,1,4,3,0.03,286.04999999999995,414.7725
1186,2026-02-28,84,1,2,9,4,0.02,8.6,15.049999999999999
1187,2026-04-21,22,2,4,20,4,0.01,19.0,33.25
1188,2026-04-21,42,3,3,26,2,0.01,27.5,48.125
1189,2026-01-21,16,3,2,25,3,0.04,37.95,66.4125
1190,2026-01-03,2,2,4,20,2,0.0,9.5,16.625
1191,2026-08-06,89,1,4,14,4,0.04,33.8,59.14999999999999
1192,2026-04-27,4,1,1,5,4,0.04,617.0,894.65
1193,2026-02-05,86,1,2,15,3,0.04,34.74,60.795
1194,2026-05-08,1,2,1,10,3,0.03,10.05,17.5875
1195,2026-04-15,35,2,4,26,3,0.01,41.25,72.1875
1196,2026-05-11,82,2,2,7,3,0.03,43.5,63.074999999999996
1197,2026-03-14,36,2,4,19,1,0.03,4.54,7.945
1198,2026-05-16,44,1,2,11,1,0.03,5.75,10.0625
1199,2026-05-15,58,1,4,33,3,0.01,33.75,59.0625
1200,2026-08-22,99,2,2,4,2,0.01,190.7,276.515
1201,2026-08-28,17,3,2,14,3,0.03,25.349999999999998,44.3625
1202,2026-08-27,5,2,4,1,4,0.03,160.44,232.63799999999998
1203,2026-06-08,57,3,3,21,4,0.01,9.0,15.75
1204,2026-01-07,74,3,2,6,3,0.02,4.62,6.699
1205,2026-01-09,97,2,1,7,4,0.05,58.0,84.1
1206,2026-01-02,92,1,3,6,3,0.03,4.62,6.699
1207,2026-07-11,54,3,4,2,2,0.03,136.3,197.63500000000002
1208,2026-01-26,13,2,2,20,4,0.02,19.0,33.25
1209,2026-07-21,49,3,4,6,4,0.04,6.16,8.932
1210,2026-02-04,17,2,2,20,2,0.03,9.5,16.625
1211,2026-03-16,51,3,4,5,2,0.0,308.5,447.325
1212,2026-03-11,93,2,1,24,3,0.03,37.349999999999994,65.3625
1213,2026-07-01,88,3,2,7,2,0.01,29.0,42.05
1214,2026-08-27,85,1,3,7,1,0.04,14.5,21.025
1215,2026-03-02,59,2,2,14,1,0.01,8.45,14.787499999999998
1216,2026-01-14,41,3,1,17,3,0.03,196.35000000000002,343.6125
1217,2026-04-16,55,3,1,10,4,0.03,13.4,23.45
1218,2026-05-08,40,2,4,2,2,0.01,136.3,197.63500000000002
1219,2026-04-25,49,1,4,25,3,0.01,37.95,66.4125
1220,2026-07-21,11,1,4,27,4,0.02,31.96,55.93
1221,2026-08-11,79,1,2,3,2,0.03,150.48,218.19599999999997
1222,2026-02-07,13,3,4,3,1,0.01,75.24,109.09799999999998
1223,2026-01-16,36,3,1,21,1,0.05,2.25,3.9375
1224,2026-05-22,76,3,2,14,3,0.03,25.349999999999998,44.3625
1225,2026-06-17,93,2,1,1,4,0.05,160.44,232.63799999999998
1226,2026-03-02,4,1,4,22,1,0.01,7.45,13.0375
1227,2026-08-24,14,1,1,3,2,0.04,150.48,218.19599999999997
1228,2026-04-28,98,3,2,14,2,0.05,16.9,29.574999999999996
1229,2026-05-13,95,2,4,10,1,0.04,3.35,5.8625
1230,2026-06-19,81,2,3,1,2,0.03,80.22,116.31899999999999
1231,2026-01-02,83,3,2,29,4,0.02,34.08,59.64
1232,2026-02-02,6,3,4,19,3,0.01,13.620000000000001,23.835
1233,2026-04-17,39,1,1,5,4,0.01,617.0,894.65
1234,2026-07-14,19,1,2,1,1,0.03,40.11,58.159499999999994
1235,2026-07-01,56,1,1,29,3,0.02,25.56,44.730000000000004
1236,2026-04-17,57,2,3,14,2,0.01,16.9,29.574999999999996
1237,2026-04-25,18,2,1,21,3,0.0,6.75,11.8125
1238,2026-08-27,89,3,3,29,1,0.02,8.52,14.91
1239,2026-02-03,47,2,2,11,3,0.01,17.25,30.1875
1240,2026-07-11,28,1,1,23,2,0.01,31.18,54.565
1241,2026-01-26,94,3,4,33,4,0.05,45.0,78.75
1242,2026-03-04,95,1,1,17,3,0.0,196.35000000000002,343.6125
1243,2026-08-04,7,2,1,34,1,0.02,9.89,17.3075
1244,2026-02-20,88,2,3,15,1,0.05,11.58,20.265
1245,2026-05-02,56,2,2,31,2,0.0,20.5,35.875
1246,2026-07-03,89,3,1,28,3,0.04,22.56,39.480000000000004
1247,2026-06-16,57,3,2,19,3,0.04,13.620000000000001,23.835
1248,2026-03-21,73,1,2,12,2,0.04,13.16,23.03
1249,2026-03-18,66,2,4,20,3,0.05,14.25,24.9375
1250,2026-08-04,15,3,4,8,1,0.03,2.25,3.2624999999999997
1251,2026-06-24,89,1,3,23,1,0.02,15.59,27.2825
1252,2026-02-25,13,1,3,28,3,0.01,22.56,39.480000000000004
1253,2026-04-18,69,2,1,25,1,0.04,12.65,22.1375
1254,2026-03-12,53,1,4,32,4,0.0,49.88,87.29
1255,2026-06-27,3,2,3,3,2,0.04,150.48,218.19599999999997
1256,2026-01-08,55,3,2,15,2,0.02,23.16,40.53
1257,2026-04-28,62,2,4,34,4,0.05,39.56,69.23
1258,2026-06-17,84,2,1,7,3,0.01,43.5,63.074999999999996
1259,2026-08-05,58,1,1,2,2,0.01,136.3,197.63500000000002
1260,2026-06-22,93,2,1,13,1,0.03,5.42,9.485
1261,2026-01-13,89,2,3,13,1,0.05,5.42,9.485
1262,2026-03-16,59,2,4,21,2,0.04,4.5,7.875
1263,2026-08-11,12,3,2,13,3,0.0,16.259999999999998,28.455
1264,2026-02-28,42,2,4,10,4,0.02,13.4,23.45
1265,2026-03-04,13,2,4,15,1,0.01,11.58,20.265
1266,2026-04-11,36,3,3,34,2,0.0,19.78,34.615
1267,2026-01-08,7,1,1,11,3,0.01,17.25,30.1875
1268,2026-08-13,96,3,3,18,2,0.0,154.64,270.62
1269,2026-04-27,88,2,1,20,4,0.04,19.0,33.25
1270,2026-01-23,51,3,3,32,2,0.02,24.94,43.645
1271,2026-08-15,87,3,2,32,2,0.04,24.94,43.645
1272,2026-04-04,87,3,1,12,3,0.02,19.740000000000002,34.545
1273,2026-02-04,37,1,3,11,1,0.02,5.75,10.0625
1274,2026-07-22,37,1,1,25,1,0.01,12.65,22.1375
1275,2026-01-15,83,1,3,18,1,0.0,77.32,135.31
1276,2026-05-11,11,1,2,16,1,0.03,54.15,94.7625
1277,2026-06-29,42,2,2,3,2,0.02,150.48,218.19599999999997
1278,2026-08-14,1,3,2,11,3,0.05,17.25,30.1875
1279,2026-01-03,94,1,2,21,3,0.03,6.75,11.8125
1280,2026-06-11,67,2,3,5,4,0.0,617.0,894.65
1281,2026-05-01,82,3,4,1,4,0.0,160.44,232.63799999999998
1282,2026-01-16,59,3,3,1,3,0.0,120.33,174.4785
1283,2026-05-06,48,1,2,27,4,0.04,31.96,55.93
1284,2026-08-13,98,2,3,23,4,0.02,62.36,109.13
1285,2026-04-06,38,1,1,31,2,0.03,20.5,35.875
1286,2026-05-19,9,1,2,30,1,0.04,16.45,28.787499999999998
1287,2026-05-01,42,1,4,6,3,0.0,4.62,6.699
1288,2026-05-06,76,2,2,30,4,0.04,65.8,115.14999999999999
1289,2026-06-27,11,1,3,10,2,0.05,6.7,11.725
1290,2026-07-14,22,1,3,2,1,0.01,68.15,98.81750000000001
1291,2026-07-27,78,3,1,31,4,0.04,41.0,71.75
1292,2026-01-07,32,2,1,34,1,0.04,9.89,17.3075
1293,2026-02-21,51,1,3,4,4,0.05,381.4,553.03
1294,2026-04-10,4,1,4,6,3,0.04,4.62,6.699
1295,2026-02-26,74,1,4,21,4,0.01,9.0,15.75
1296,2026-07-11,76,2,4,20,2,0.04,9.5,16.625
1297,2026-08-17,27,3,3,16,4,0.02,216.6,379.05
1298,2026-04-24,4,2,4,17,2,0.04,130.9,229.07500000000002
1299,2026-02-18,82,3,3,33,4,0.0,45.0,78.75
1300,2026-02-24,9,3,4,32,3,0.02,37.410000000000004,65.4675
1301,2026-04-04,59,2,2,17,4,0.03,261.8,458.15000000000003
1302,2026-02-19,35,3,2,14,1,0.02,8.45,14.787499999999998
1303,2026-05-06,35,1,3,18,2,0.01,154.64,270.62
1304,2026-05-06,12,1,4,6,1,0.03,1.54,2.233
1305,2026-01-28,80,2,4,10,3,0.02,10.05,17.5875
1306,2026-03-11,58,1,4,7,2,0.01,29.0,42.05
1307,2026-01-10,52,3,1,3,4,0.02,300.96,436.39199999999994
1308,2026-06-15,17,1,3,29,1,0.01,8.52,14.91
1309,2026-05-23,37,1,2,8,2,0.05,4.5,6.5249999999999995
1310,2026-04-17,52,2,1,14,2,0.02,16.9,29.574999999999996
1311,2026-02-13,28,1,3,16,3,0.04,162.45,284.2875
1312,2026-06-03,81,2,2,24,1,0.02,12.45,21.787499999999998
1313,2026-06-04,18,2,1,27,3,0.02,23.97,41.9475
1314,2026-01-23,6,1,4,30,4,0.02,65.8,115.14999999999999
1315,2026-07-10,37,1,4,13,3,0.05,16.259999999999998,28.455
1316,2026-05-20,81,3,4,7,4,0.05,58.0,84.1
1317,2026-08-20,9,3,1,21,1,0.0,2.25,3.9375
1318,2026-08-07,54,2,3,25,4,0.01,50.6,88.55
1319,2026-03-03,26,2,1,24,3,0.0,37.349999999999994,65.3625
1320,2026-06-24,40,2,2,23,2,0.05,31.18,54.565
1321,2026-03-19,74,2,1,8,3,0.03,6.75,9.7875
1322,2026-04-04,77,2,4,15,2,0.03,23.16,40.53
1323,2026-02-05,91,2,3,10,1,0.01,3.35,5.8625
1324,2026-05-08,23,1,2,6,1,0.03,1.54,2.233
1325,2026-06-02,16,1,4,9,2,0.03,4.3,7.5249999999999995
1326,2026-07-31,23,2,1,6,3,0.04,4.62,6.699
1327,2026-03-06,38,3,4,33,3,0.02,33.75,59.0625
1328,2026-06-18,24,2,2,34,3,0.03,29.67,51.9225
1329,2026-07-23,59,1,3,19,2,0.04,9.08,15.89
1330,2026-05-07,40,1,2,17,4,0.0,261.8,458.15000000000003
1331,2026-01-31,28,3,1,33,3,0.04,33.75,59.0625
1332,2026-07-30,81,3,1,19,3,0.04,13.620000000000001,23.835
1333,2026-02-18,90,2,4,19,1,0.04,4.54,7.945
1334,2026-05-21,45,3,2,6,3,0.01,4.62,6.699
1335,2026-01-26,92,2,1,17,2,0.03,130.9,229.07500000000002
1336,2026-08-31,30,3,4,1,4,0.02,160.44,232.63799999999998
1337,2026-08-21,47,2,3,5,3,0.01,462.75,670.9875
1338,2026-07-25,75,1,2,10,1,0.02,3.35,5.8625
1339,2026-08-28,93,1,1,25,4,0.01,50.6,88.55
1340,2026-07-02,54,2,1,27,2,0.02,15.98,27.965
1341,2026-08-07,32,1,2,7,3,0.05,43.5,63.074999999999996
1342,2026-04-17,79,2,2,31,2,0.01,20.5,35.875
1343,2026-08-01,6,3,1,28,3,0.01,22.56,39.480000000000004
1344,2026-02-12,65,3,1,32,4,0.0,49.88,87.29
1345,2026-05-01,76,1,2,30,3,0.04,49.349999999999994,86.3625
1346,2026-08-01,68,1,4,31,3,0.0,30.75,53.8125
1347,2026-05-14,13,1,4,3,1,0.02,75.24,109.09799999999998
1348,2026-08-20,52,1,2,6,4,0.02,6.16,8.932
1349,2026-07-13,19,3,4,15,1,0.03,11.58,20.265
1350,2026-02-27,65,2,2,28,2,0.03,15.04,26.32
1351,2026-05-15,64,3,2,33,4,0.01,45.0,78.75
1352,2026-08-19,1,2,3,20,3,0.05,14.25,24.9375
1353,2026-06-24,12,2,2,8,4,0.04,9.0,13.049999999999999
1354,2026-05-19,96,2,2,15,1,0.03,11.58,20.265
1355,2026-01-15,37,3,1,27,2,0.02,15.98,27.965
1356,2026-06-02,28,2,2,29,4,0.01,34.08,59.64
1357,2026-02-28,9,1,2,5,3,0.01,462.75,670.9875
1358,2026-05-16,69,1,1,8,3,0.03,6.75,9.7875
1359,2026-05-25,93,3,1,7,4,0.05,58.0,84.1
1360,2026-07-20,26,3,1,13,4,0.03,21.68,37.94
1361,2026-04-09,26,3,4,22,3,0.03,22.35,39.1125
1362,2026-02-04,17,3,3,17,3,0.03,196.35000000000002,343.6125
1363,2026-01-21,80,2,2,25,2,0.02,25.3,44.275
1364,2026-02-24,74,2,3,21,4,0.01,9.0,15.75
1365,2026-05-21,17,2,3,14,2,0.0,16.9,29.574999999999996
1366,2026-02-27,33,2,1,25,2,0.01,25.3,44.275
1367,2026-05-04,97,1,4,22,4,0.01,29.8,52.15
1368,2026-01-06,26,2,1,20,4,0.05,19.0,33.25
1369,2026-02-09,23,2,1,16,2,0.02,108.3,189.525
1370,2026-01-30,22,3,1,16,4,0.03,216.6,379.05
1371,2026-07-27,4,1,2,33,2,0.02,22.5,39.375
1372,2026-07-25,84,2,1,32,2,0.02,24.94,43.645
1373,2026-08-20,33,2,1,21,2,0.02,4.5,7.875
1374,2026-07-07,98,2,4,34,1,0.01,9.89,17.3075
1375,2026-05-06,32,2,4,28,1,0.03,7.52,13.16
1376,2026-07-03,7,3,3,32,3,0.03,37.410000000000004,65.4675
1377,2026-01-14,67,3,4,13,1,0.02,5.42,9.485
1378,2026-05-29,76,2,3,25,3,0.03,37.95,66.4125
1379,2026-04-24,83,1,3,1,1,0.02,40.11,58.159499999999994
1380,2026-07-31,71,1,2,7,1,0.01,14.5,21.025
1381,2026-01-10,54,1,3,18,2,0.03,154.64,270.62
1382,2026-03-12,30,2,3,11,2,0.02,11.5,20.125
1383,2026-01-22,80,2,2,33,3,0.04,33.75,59.0625
1384,2026-06-01,96,1,4,18,1,0.03,77.32,135.31
1385,2026-06-18,18,3,1,6,1,0.02,1.54,2.233
1386,2026-06-12,7,1,1,5,3,0.01,462.75,670.9875
1387,2026-06-20,50,2,4,15,4,0.04,46.32,81.06
1388,2026-04-21,91,1,2,21,1,0.04,2.25,3.9375
1389,2026-05-14,14,2,1,17,4,0.01,261.8,458.15000000000003
1390,2026-01-12,99,2,3,9,2,0.01,4.3,7.5249999999999995
1391,2026-02-23,19,3,2,14,1,0.03,8.45,14.787499999999998
1392,2026-06-16,18,3,1,15,4,0.04,46.32,81.06
1393,2026-06-25,44,3,1,13,2,0.04,10.84,18.97
1394,2026-01-15,15,2,3,12,4,0.01,26.32,46.06
1395,2026-04-07,97,3,2,9,3,0.04,6.449999999999999,11.2875
1396,2026-04-02,83,1,4,9,3,0.01,6.449999999999999,11.2875
1397,2026-03-13,3,2,4,18,1,0.05,77.32,135.31
1398,2026-08-25,83,2,3,20,3,0.02,14.25,24.9375
1399,2026-05-09,68,3,3,21,3,0.02,6.75,11.8125
1400,2026-08-11,44,1,2,17,4,0.03,261.8,458.15000000000003
1401,2026-03-25,4,2,2,2,4,0.03,272.6,395.27000000000004
1402,2026-01-19,30,1,4,20,3,0.01,14.25,24.9375
1403,2026-05-11,37,3,4,32,1,0.04,12.47,21.8225
1404,2026-06-08,8,2,1,28,3,0.05,22.56,39.480000000000004
1405,2026-06-11,52,2,3,13,4,0.01,21.68,37.94
1406,2026-03-12,4,3,4,26,1,0.0,13.75,24.0625
1407,2026-03-16,27,1,1,17,2,0.01,130.9,229.07500000000002
1408,2026-06-16,98,2,4,14,2,0.02,16.9,29.574999999999996
1409,2026-04-30,24,2,4,30,2,0.01,32.9,57.574999999999996
1410,2026-02-13,66,3,3,31,3,0.01,30.75,53.8125
1411,2026-08-24,8,1,4,17,1,0.02,65.45,114.53750000000001
1412,2026-01-02,41,3,4,32,3,0.04,37.410000000000004,65.4675
1413,2026-01-26,49,2,3,32,3,0.04,37.410000000000004,65.4675
1414,2026-07-22,20,2,4,9,1,0.03,2.15,3.7624999999999997
1415,2026-01-26,83,1,2,18,2,0.03,154.64,270.62
1416,2026-03-26,22,3,2,2,4,0.03,272.6,395.27000000000004
1417,2026-01-05,23,3,1,16,3,0.03,162.45,284.2875
1418,2026-05-09,27,2,4,24,1,0.04,12.45,21.787499999999998
1419,2026-08-21,48,3,2,18,1,0.02,77.32,135.31
1420,2026-08-05,30,2,2,5,1,0.02,154.25,223.6625
1421,2026-07-21,90,3,2,3,4,0.03,300.96,436.39199999999994
1422,2026-07-31,53,2,2,14,4,0.04,33.8,59.14999999999999
1423,2026-03-23,29,3,3,30,2,0.05,32.9,57.574999999999996
1424,2026-01-21,25,2,3,10,1,0.03,3.35,5.8625
1425,2026-01-24,81,3,4,2,1,0.01,68.15,98.81750000000001
1426,2026-02-28,27,3,3,27,2,0.04,15.98,27.965
1427,2026-06-17,86,2,3,13,1,0.04,5.42,9.485
1428,2026-05-02,13,1,3,14,2,0.02,16.9,29.574999999999996
1429,2026-06-11,92,1,3,11,2,0.01,11.5,20.125
1430,2026-05-16,96,3,4,2,3,0.03,204.45000000000002,296.45250000000004
1431,2026-02-26,89,3,1,29,1,0.04,8.52,14.91
1432,2026-01-26,20,1,2,19,4,0.04,18.16,31.78
1433,2026-05-02,48,2,3,1,1,0.02,40.11,58.159499999999994
1434,2026-07-01,29,2,2,20,2,0.03,9.5,16.625
1435,2026-07-31,36,2,1,13,3,0.04,16.259999999999998,28.455
1436,2026-07-08,76,1,2,34,2,0.02,19.78,34.615
1437,2026-05-21,48,3,3,2,1,0.04,68.15,98.81750000000001
1438,2026-06-17,46,2,4,1,3,0.0,120.33,174.4785
1439,2026-03-14,60,3,4,11,2,0.03,11.5,20.125
1440,2026-02-28,39,1,3,31,1,0.01,10.25,17.9375
1441,2026-02-14,70,2,4,10,4,0.0,13.4,23.45
1442,2026-05-23,3,3,2,24,2,0.01,24.9,43.574999999999996
1443,2026-02-25,3,2,2,6,2,0.05,3.08,4.466
1444,2026-06-11,70,3,4,6,2,0.03,3.08,4.466
1445,2026-03-25,44,3,2,23,3,0.01,46.769999999999996,81.8475
1446,2026-01-03,66,3,1,30,3,0.05,49.349999999999994,86.3625
1447,2026-02-10,62,2,1,1,2,0.05,80.22,116.31899999999999
1448,2026-06-19,48,1,2,2,2,0.02,136.3,197.63500000000002
1449,2026-04-11,31,3,2,24,1,0.02,12.45,21.787499999999998
1450,2026-01-08,75,3,1,30,1,0.03,16.45,28.787499999999998
1451,2026-08-18,53,2,4,30,4,0.02,65.8,115.14999999999999
1452,2026-01-26,24,3,2,11,3,0.03,17.25,30.1875
1453,2026-03-20,72,2,2,33,1,0.05,11.25,19.6875
1454,2026-06-05,71,1,1,23,2,0.0,31.18,54.565
1455,2026-07-13,29,1,4,18,3,0.01,231.95999999999998,405.93
1456,2026-05-27,71,2,4,21,4,0.03,9.0,15.75
1457,2026-03-03,86,1,1,26,3,0.04,41.25,72.1875
1458,2026-03-03,49,1,1,24,1,0.03,12.45,21.787499999999998
1459,2026-06-08,8,1,2,3,3,0.03,225.71999999999997,327.294
1460,2026-08-15,43,3,3,6,3,0.03,4.62,6.699
1461,2026-06-12,5,2,2,5,4,0.05,617.0,894.65
1462,2026-03-25,96,3,3,30,4,0.03,65.8,115.14999999999999
1463,2026-02-07,11,1,1,28,2,0.04,15.04,26.32
1464,2026-04-16,24,2,3,13,2,0.02,10.84,18.97
1465,2026-04-27,91,1,4,33,2,0.02,22.5,39.375
1466,2026-06-20,99,2,4,15,2,0.04,23.16,40.53
1467,2026-03-14,90,2,3,32,4,0.0,49.88,87.29
1468,2026-04-15,60,1,2,27,4,0.03,31.96,55.93
1469,2026-08-13,50,3,3,24,4,0.05,49.8,87.14999999999999
1470,2026-08-17,14,2,2,22,4,0.05,29.8,52.15
1471,2026-06-12,74,2,3,9,2,0.0,4.3,7.5249999999999995
1472,2026-03-21,46,3,3,2,1,0.04,68.15,98.81750000000001
1473,2026-01-30,29,2,1,13,1,0.03,5.42,9.485
1474,2026-06-27,11,3,2,32,1,0.02,12.47,21.8225
1475,2026-06-23,95,3,1,11,3,0.02,17.25,30.1875
1476,2026-01-23,92,1,3,32,2,0.0,24.94,43.645
1477,2026-06-01,84,2,1,16,4,0.02,216.6,379.05
1478,2026-03-21,29,3,2,14,4,0.03,33.8,59.14999999999999
1479,2026-04-30,57,3,2,11,2,0.05,11.5,20.125
1480,2026-08-13,94,2,2,32,3,0.05,37.410000000000004,65.4675
1481,2026-05-28,60,3,3,21,4,0.04,9.0,15.75
1482,2026-07-20,91,2,1,4,4,0.01,381.4,553.03
1483,2026-03-17,25,3,1,29,4,0.03,34.08,59.64
1484,2026-08-21,87,2,4,34,2,0.03,19.78,34.615
1485,2026-02-11,71,1,2,25,3,0.01,37.95,66.4125
1486,2026-05-28,64,1,3,16,1,0.02,54.15,94.7625
1487,2026-02-07,7,2,3,11,1,0.01,5.75,10.0625
1488,2026-05-29,5,2,2,14,2,0.02,16.9,29.574999999999996
1489,2026-08-26,70,2,2,2,2,0.05,136.3,197.63500000000002
1490,2026-07-17,59,3,4,19,1,0.03,4.54,7.945
1491,2026-04-10,67,2,2,2,4,0.04,272.6,395.27000000000004
1492,2026-07-08,23,3,4,34,1,0.05,9.89,17.3075
1493,2026-04-21,40,2,3,17,3,0.04,196.35000000000002,343.6125
1494,2026-06-13,73,2,3,3,2,0.04,150.48,218.19599999999997
1495,2026-06-20,16,3,2,18,3,0.02,231.95999999999998,405.93
1496,2026-05-11,28,1,3,6,4,0.0,6.16,8.932
1497,2026-04-10,37,1,1,11,3,0.04,17.25,30.1875
1498,2026-02-20,63,1,1,28,2,0.02,15.04,26.32
1499,2026-02-03,50,2,4,24,2,0.01,24.9,43.574999999999996
1500,2026-05-29,24,1,1,18,3,0.01,231.95999999999998,405.93
1501,2026-08-12,99,2,3,33,2,0.0,22.5,39.375
1502,2026-06-24,49,1,4,28,4,0.03,30.08,52.64
1503,2026-01-05,27,2,1,4,3,0.02,286.04999999999995,414.7725
1504,2026-03-20,90,1,4,19,4,0.04,18.16,31.78
1505,2026-06-16,64,2,1,7,3,0.01,43.5,63.074999999999996
1506,2026-07-24,5,3,2,2,3,0.0,204.45000000000002,296.45250000000004
1507,2026-06-12,95,1,4,33,1,0.01,11.25,19.6875
1508,2026-04-21,44,3,3,3,3,0.05,225.71999999999997,327.294
1509,2026-02-27,45,3,1,6,1,0.05,1.54,2.233
1510,2026-04-25,13,2,3,19,1,0.03,4.54,7.945
1511,2026-01-09,41,2,2,3,1,0.03,75.24,109.09799999999998
1512,2026-08-20,63,1,1,23,3,0.03,46.769999999999996,81.8475
1513,2026-03-17,71,2,3,26,1,0.02,13.75,24.0625
1514,2026-07-28,98,3,3,28,3,0.03,22.56,39.480000000000004
1515,2026-05-08,17,1,1,6,4,0.03,6.16,8.932
1516,2026-01-16,87,1,3,26,3,0.04,41.25,72.1875
1517,2026-07-17,98,1,2,17,3,0.03,196.35000000000002,343.6125
1518,2026-07-20,32,2,3,3,4,0.02,300.96,436.39199999999994
1519,2026-08-01,67,3,3,6,1,0.04,1.54,2.233
1520,2026-08-04,13,2,4,25,1,0.04,12.65,22.1375
1521,2026-04-16,43,1,3,27,2,0.03,15.98,27.965
1522,2026-08-29,7,1,4,14,1,0.01,8.45,14.787499999999998
1523,2026-05-11,19,3,1,1,2,0.03,80.22,116.31899999999999
1524,2026-07-27,30,1,1,34,4,0.01,39.56,69.23
1525,2026-01-20,59,3,2,32,4,0.0,49.88,87.29
1526,2026-07-08,85,1,3,2,3,0.04,204.45000000000002,296.45250000000004
1527,2026-02-17,14,2,3,18,3,0.04,231.95999999999998,405.93
1528,2026-01-19,53,2,3,34,2,0.0,19.78,34.615
1529,2026-01-22,73,3,1,25,1,0.05,12.65,22.1375
1530,2026-02-16,55,3,1,1,4,0.04,160.44,232.63799999999998
1531,2026-08-22,15,3,3,27,4,0.05,31.96,55.93
1532,2026-05-09,95,2,2,2,2,0.0,136.3,197.63500000000002
1533,2026-01-13,46,1,2,10,2,0.02,6.7,11.725
1534,2026-05-22,67,3,3,26,4,0.05,55.0,96.25
1535,2026-03-21,7,3,4,18,3,0.01,231.95999999999998,405.93
1536,2026-03-07,58,3,1,12,1,0.03,6.58,11.515
1537,2026-06-03,13,1,3,17,2,0.02,130.9,229.07500000000002
1538,2026-01-13,75,1,1,28,1,0.01,7.52,13.16
1539,2026-02-26,83,2,3,14,2,0.0,16.9,29.574999999999996
1540,2026-06-25,37,1,2,31,1,0.03,10.25,17.9375
1541,2026-03-16,76,1,1,18,2,0.02,154.64,270.62
1542,2026-06-24,99,3,4,31,4,0.01,41.0,71.75
1543,2026-05-11,42,1,2,21,4,0.01,9.0,15.75
1544,2026-02-21,22,1,1,21,3,0.0,6.75,11.8125
1545,2026-06-15,94,3,2,12,4,0.01,26.32,46.06
1546,2026-01-22,31,1,1,23,2,0.03,31.18,54.565
1547,2026-02-25,21,1,4,16,3,0.04,162.45,284.2875
1548,2026-02-11,70,3,3,2,2,0.03,136.3,197.63500000000002
1549,2026-03-18,56,1,3,7,4,0.02,58.0,84.1
1550,2026-03-06,65,1,4,31,2,0.05,20.5,35.875
1551,2026-06-13,27,2,3,14,2,0.05,16.9,29.574999999999996
1552,2026-04-29,54,1,2,6,4,0.04,6.16,8.932
1553,2026-02-09,52,2,1,27,1,0.0,7.99,13.9825
1554,2026-04-17,15,1,2,32,4,0.04,49.88,87.29
1555,2026-03-12,92,3,1,25,2,0.01,25.3,44.275
1556,2026-01-20,99,2,3,5,1,0.0,154.25,223.6625
1557,2026-02-06,6,1,2,19,1,0.03,4.54,7.945
1558,2026-07-16,76,3,1,14,1,0.05,8.45,14.787499999999998
1559,2026-04-13,20,1,2,16,4,0.0,216.6,379.05
1560,2026-06-08,25,3,3,27,1,0.04,7.99,13.9825
1561,2026-05-13,92,1,3,2,4,0.0,272.6,395.27000000000004
1562,2026-03-12,23,3,3,9,4,0.04,8.6,15.049999999999999
1563,2026-05-14,17,3,2,33,3,0.04,33.75,59.0625
1564,2026-02-12,17,2,1,4,4,0.04,381.4,553.03
1565,2026-06-11,72,3,4,14,3,0.05,25.349999999999998,44.3625
1566,2026-01-02,61,3,1,26,2,0.04,27.5,48.125
1567,2026-05-04,4,3,2,4,4,0.01,381.4,553.03
1568,2026-04-11,71,1,3,29,3,0.02,25.56,44.730000000000004
1569,2026-04-09,77,3,1,33,4,0.01,45.0,78.75
1570,2026-05-12,81,1,2,7,1,0.04,14.5,21.025
1571,2026-06-06,98,1,4,15,1,0.03,11.58,20.265
1572,2026-01-24,32,2,4,25,2,0.03,25.3,44.275
1573,2026-01-22,65,2,4,10,4,0.02,13.4,23.45
1574,2026-05-20,82,1,3,27,4,0.01,31.96,55.93
1575,2026-05-16,79,3,1,2,1,0.04,68.15,98.81750000000001
1576,2026-02-05,14,1,4,23,1,0.03,15.59,27.2825
1577,2026-07-24,68,1,4,23,1,0.03,15.59,27.2825
1578,2026-08-31,8,3,1,3,2,0.02,150.48,218.19599999999997
1579,2026-05-16,57,2,1,23,4,0.02,62.36,109.13
1580,2026-07-28,34,2,1,3,4,0.01,300.96,436.39199999999994
1581,2026-03-30,98,2,1,15,2,0.03,23.16,40.53
1582,2026-07-15,65,3,3,4,4,0.01,381.4,553.03
1583,2026-07-31,24,1,3,26,3,0.05,41.25,72.1875
1584,2026-06-08,49,2,2,29,1,0.02,8.52,14.91
1585,2026-02-26,51,2,3,30,4,0.03,65.8,115.14999999999999
1586,2026-02-07,72,2,3,18,4,0.02,309.28,541.24
1587,2026-04-07,59,3,1,8,1,0.05,2.25,3.2624999999999997
1588,2026-08-14,21,3,3,32,4,0.03,49.88,87.29
1589,2026-08-07,11,3,3,9,2,0.03,4.3,7.5249999999999995
1590,2026-01-20,87,3,1,32,3,0.03,37.410000000000004,65.4675
1591,2026-03-06,19,3,1,29,3,0.04,25.56,44.730000000000004
1592,2026-02-14,50,1,4,15,3,0.02,34.74,60.795
1593,2026-05-15,89,2,3,33,2,0.05,22.5,39.375
1594,2026-01-28,85,2,4,28,2,0.05,15.04,26.32
1595,2026-07-03,41,3,3,31,3,0.0,30.75,53.8125
1596,2026-02-04,18,3,4,10,4,0.02,13.4,23.45
1597,2026-03-27,40,2,1,2,4,0.02,272.6,395.27000000000004
1598,2026-07-03,29,2,1,4,2,0.04,190.7,276.515
1599,2026-01-31,95,2,3,16,3,0.02,162.45,284.2875
1600,2026-06-20,64,2,3,6,3,0.0,4.62,6.699
1601,2026-01-31,4,1,4,1,1,0.02,40.11,58.159499999999994
1602,2026-08-17,76,1,1,9,2,0.02,4.3,7.5249999999999995
1603,2026-02-07,15,1,2,20,2,0.03,9.5,16.625
1604,2026-02-18,99,2,2,2,4,0.01,272.6,395.27000000000004
1605,2026-06-24,58,3,1,32,4,0.0,49.88,87.29
1606,2026-07-10,97,1,1,24,1,0.02,12.45,21.787499999999998
1607,2026-08-21,65,1,1,13,4,0.02,21.68,37.94
1608,2026-08-21,92,3,4,29,4,0.02,34.08,59.64
1609,2026-01-14,64,1,1,11,2,0.01,11.5,20.125
1610,2026-03-04,61,3,3,31,3,0.02,30.75,53.8125
1611,2026-01-30,55,1,1,33,3,0.03,33.75,59.0625
1612,2026-06-18,66,2,2,17,2,0.04,130.9,229.07500000000002
1613,2026-01-05,99,3,3,10,4,0.03,13.4,23.45
1614,2026-06-20,15,1,3,15,3,0.02,34.74,60.795
1615,2026-03-30,48,2,1,5,2,0.02,308.5,447.325
1616,2026-01-06,79,1,4,21,4,0.0,9.0,15.75
1617,2026-02-27,18,1,3,33,4,0.05,45.0,78.75
1618,2026-08-18,93,1,3,17,2,0.04,130.9,229.07500000000002
1619,2026-06-06,94,2,2,9,4,0.02,8.6,15.049999999999999
1620,2026-07-16,75,1,2,13,3,0.04,16.259999999999998,28.455
1621,2026-03-17,53,2,1,3,3,0.03,225.71999999999997,327.294
1622,2026-06-11,54,2,1,1,2,0.01,80.22,116.31899999999999
1623,2026-08-31,63,2,2,12,3,0.03,19.740000000000002,34.545
1624,2026-02-16,47,3,4,13,4,0.02,21.68,37.94
1625,2026-01-03,63,1,3,34,4,0.04,39.56,69.23
1626,2026-01-26,46,2,3,1,2,0.04,80.22,116.31899999999999
1627,2026-04-29,53,1,2,8,3,0.02,6.75,9.7875
1628,2026-03-26,6,1,3,8,1,0.03,2.25,3.2624999999999997
1629,2026-01-19,12,3,1,15,1,0.01,11.58,20.265
1630,2026-01-13,56,2,2,31,4,0.02,41.0,71.75
1631,2026-06-17,54,2,4,13,3,0.04,16.259999999999998,28.455
1632,2026-03-24,79,1,1,20,4,0.0,19.0,33.25
1633,2026-03-07,39,1,4,31,4,0.03,41.0,71.75
1634,2026-04-27,44,3,2,22,1,0.04,7.45,13.0375
1635,2026-07-29,41,2,4,9,2,0.02,4.3,7.5249999999999995
1636,2026-05-29,67,2,3,30,4,0.02,65.8,115.14999999999999
1637,2026-04-08,7,3,3,21,1,0.04,2.25,3.9375
1638,2026-06-26,49,1,2,23,2,0.04,31.18,54.565
1639,2026-08-01,65,1,2,32,3,0.03,37.410000000000004,65.4675
1640,2026-05-28,47,2,4,22,3,0.0,22.35,39.1125
1641,2026-08-20,49,1,2,10,2,0.01,6.7,11.725
1642,2026-03-18,37,3,4,21,1,0.0,2.25,3.9375
1643,2026-02-20,28,2,2,25,3,0.0,37.95,66.4125
1644,2026-04-27,21,2,2,21,2,0.04,4.5,7.875
1645,2026-05-28,10,1,2,13,1,0.03,5.42,9.485
1646,2026-07-21,17,2,2,28,1,0.0,7.52,13.16
1647,2026-02-11,59,1,4,15,3,0.05,34.74,60.795
1648,2026-05-15,77,1,4,21,4,0.03,9.0,15.75
1649,2026-08-04,36,3,1,16,2,0.0,108.3,189.525
1650,2026-01-10,71,3,3,34,3,0.04,29.67,51.9225
1651,2026-01-19,94,1,4,19,3,0.05,13.620000000000001,23.835
1652,2026-01-05,77,1,2,12,4,0.04,26.32,46.06
1653,2026-06-04,41,1,3,29,3,0.02,25.56,44.730000000000004
1654,2026-08-03,16,2,3,24,2,0.04,24.9,43.574999999999996
1655,2026-03-02,69,3,4,25,4,0.01,50.6,88.55
1656,2026-06-13,47,2,2,12,1,0.03,6.58,11.515
1657,2026-08-07,25,2,2,5,1,0.01,154.25,223.6625
1658,2026-06-10,34,2,4,28,4,0.04,30.08,52.64
1659,2026-07-15,35,3,4,18,3,0.02,231.95999999999998,405.93
1660,2026-02-28,86,3,2,31,3,0.04,30.75,53.8125
1661,2026-02-02,31,2,2,17,1,0.0,65.45,114.53750000000001
1662,2026-07-31,2,2,4,2,2,0.01,136.3,197.63500000000002
1663,2026-02-20,32,2,3,1,3,0.01,120.33,174.4785
1664,2026-08-24,46,3,4,29,2,0.0,17.04,29.82
1665,2026-05-30,55,3,1,9,4,0.04,8.6,15.049999999999999
1666,2026-07-28,11,2,1,23,3,0.02,46.769999999999996,81.8475
1667,2026-01-24,32,3,2,8,4,0.04,9.0,13.049999999999999
1668,2026-04-03,23,2,1,31,3,0.03,30.75,53.8125
1669,2026-07-20,27,3,4,19,1,0.0,4.54,7.945
1670,2026-03-07,25,1,4,20,3,0.02,14.25,24.9375
1671,2026-07-14,84,2,2,25,3,0.04,37.95,66.4125
1672,2026-02-21,29,2,4,7,1,0.02,14.5,21.025
1673,2026-01-16,5,2,3,15,4,0.02,46.32,81.06
1674,2026-03-06,19,1,3,24,4,0.01,49.8,87.14999999999999
1675,2026-02-09,46,1,4,17,3,0.03,196.35000000000002,343.6125
1676,2026-06-06,78,3,3,10,3,0.01,10.05,17.5875
1677,2026-02-02,56,1,1,8,4,0.04,9.0,13.049999999999999
1678,2026-07-22,45,2,2,8,3,0.03,6.75,9.7875
1679,2026-06-16,81,1,2,20,3,0.0,14.25,24.9375
1680,2026-04-25,60,3,1,14,4,0.04,33.8,59.14999999999999
1681,2026-07-04,55,3,3,26,2,0.03,27.5,48.125
1682,2026-07-28,13,3,3,12,2,0.01,13.16,23.03
1683,2026-05-02,18,3,3,26,3,0.04,41.25,72.1875
1684,2026-05-22,98,1,4,16,3,0.01,162.45,284.2875
1685,2026-04-29,61,1,2,25,1,0.01,12.65,22.1375
1686,2026-03-27,71,3,3,32,3,0.03,37.410000000000004,65.4675
1687,2026-02-06,68,2,4,26,3,0.03,41.25,72.1875
1688,2026-01-31,74,3,3,8,1,0.0,2.25,3.2624999999999997
1689,2026-02-28,63,3,1,30,2,0.02,32.9,57.574999999999996
1690,2026-04-13,18,3,3,30,3,0.04,49.349999999999994,86.3625
1691,2026-06-30,58,2,3,3,4,0.04,300.96,436.39199999999994
1692,2026-02-27,80,2,1,13,2,0.02,10.84,18.97
1693,2026-05-02,58,1,4,12,3,0.01,19.740000000000002,34.545
1694,2026-06-04,20,1,3,32,1,0.01,12.47,21.8225
1695,2026-06-09,22,2,4,12,4,0.01,26.32,46.06
1696,2026-05-06,66,2,2,3,2,0.01,150.48,218.19599999999997
1697,2026-02-26,50,1,1,12,4,0.01,26.32,46.06
1698,2026-04-16,16,3,4,26,4,0.03,55.0,96.25
1699,2026-07-08,79,1,2,17,4,0.03,261.8,458.15000000000003
1700,2026-08-12,35,1,1,1,2,0.02,80.22,116.31899999999999
1701,2026-02-12,93,2,4,27,4,0.02,31.96,55.93
1702,2026-03-07,79,3,1,2,4,0.02,272.6,395.27000000000004
1703,2026-02-03,1,1,1,21,2,0.04,4.5,7.875
1704,2026-02-04,14,1,4,23,3,0.01,46.769999999999996,81.8475
1705,2026-01-08,69,1,3,21,2,0.05,4.5,7.875
1706,2026-06-10,21,2,2,13,2,0.02,10.84,18.97
1707,2026-07-04,24,2,1,13,3,0.02,16.259999999999998,28.455
1708,2026-04-23,91,1,1,19,3,0.0,13.620000000000001,23.835
1709,2026-07-22,39,2,3,3,1,0.05,75.24,109.09799999999998
1710,2026-08-13,91,1,3,21,4,0.01,9.0,15.75
1711,2026-03-03,14,2,1,7,3,0.03,43.5,63.074999999999996
1712,2026-06-16,37,1,2,2,4,0.03,272.6,395.27000000000004
1713,2026-01-03,60,2,2,7,2,0.02,29.0,42.05
1714,2026-05-15,70,2,3,1,3,0.02,120.33,174.4785
1715,2026-07-13,32,1,4,17,2,0.01,130.9,229.07500000000002
1716,2026-05-28,73,1,1,6,4,0.03,6.16,8.932
1717,2026-06-18,44,2,2,1,3,0.0,120.33,174.4785
1718,2026-03-14,15,2,3,26,2,0.03,27.5,48.125
1719,2026-04-17,80,3,1,31,2,0.01,20.5,35.875
1720,2026-07-03,57,1,2,21,1,0.01,2.25,3.9375
1721,2026-08-13,63,1,2,32,2,0.01,24.94,43.645
1722,2026-01-31,40,3,3,30,3,0.02,49.349999999999994,86.3625
1723,2026-02-18,11,1,3,26,2,0.03,27.5,48.125
1724,2026-04-09,55,2,1,23,4,0.04,62.36,109.13
1725,2026-01-24,7,1,2,4,1,0.04,95.35,138.2575
1726,2026-06-03,10,1,1,7,2,0.05,29.0,42.05
1727,2026-02-11,27,2,1,32,4,0.03,49.88,87.29
1728,2026-07-29,35,3,1,25,3,0.02,37.95,66.4125
1729,2026-04-02,98,1,3,9,4,0.04,8.6,15.049999999999999
1730,2026-03-05,51,3,3,9,4,0.02,8.6,15.049999999999999
1731,2026-03-25,22,2,3,1,3,0.04,120.33,174.4785
1732,2026-08-12,33,2,2,13,2,0.01,10.84,18.97
1733,2026-04-08,90,1,2,23,1,0.04,15.59,27.2825
1734,2026-08-24,73,1,1,22,2,0.01,14.9,26.075
1735,2026-02-09,37,1,1,23,4,0.04,62.36,109.13
1736,2026-04-29,12,1,4,20,2,0.01,9.5,16.625
1737,2026-05-26,72,2,2,25,3,0.03,37.95,66.4125
1738,2026-04-27,30,2,1,28,4,0.01,30.08,52.64
1739,2026-06-24,11,1,4,26,4,0.02,55.0,96.25
1740,2026-08-17,63,3,4,22,2,0.01,14.9,26.075
1741,2026-04-25,60,1,3,23,3,0.03,46.769999999999996,81.8475
1742,2026-08-20,84,3,2,8,1,0.02,2.25,3.2624999999999997
1743,2026-04-21,42,2,3,22,4,0.02,29.8,52.15
1744,2026-06-04,72,3,4,22,2,0.03,14.9,26.075
1745,2026-04-20,76,3,1,31,2,0.04,20.5,35.875
1746,2026-05-09,79,2,2,21,2,0.04,4.5,7.875
1747,2026-08-06,58,3,2,16,3,0.03,162.45,284.2875
1748,2026-01-01,70,2,1,10,4,0.0,13.4,23.45
1749,2026-03-14,50,2,3,9,2,0.0,4.3,7.5249999999999995
1750,2026-01-21,89,1,1,31,4,0.03,41.0,71.75
1751,2026-03-19,97,2,1,30,3,0.02,49.349999999999994,86.3625
1752,2026-01-17,41,3,1,13,1,0.03,5.42,9.485
1753,2026-03-09,6,2,1,16,3,0.02,162.45,284.2875
1754,2026-05-13,80,1,3,15,3,0.03,34.74,60.795
1755,2026-04-07,78,1,2,34,2,0.01,19.78,34.615
1756,2026-02-26,45,1,1,1,2,0.03,80.22,116.31899999999999
1757,2026-06-10,14,2,3,30,1,0.02,16.45,28.787499999999998
1758,2026-04-14,28,1,3,32,4,0.01,49.88,87.29
1759,2026-02-14,5,2,2,18,2,0.04,154.64,270.62
1760,2026-01-22,41,1,3,27,4,0.02,31.96,55.93
1761,2026-02-23,60,1,2,5,4,0.03,617.0,894.65
1762,2026-06-04,12,2,3,32,1,0.01,12.47,21.8225
1763,2026-02-13,50,3,2,23,4,0.04,62.36,109.13
1764,2026-02-21,79,1,3,8,3,0.01,6.75,9.7875
1765,2026-08-12,1,1,1,10,1,0.02,3.35,5.8625
1766,2026-06-15,76,3,1,2,3,0.04,204.45000000000002,296.45250000000004
1767,2026-05-05,77,3,1,10,4,0.01,13.4,23.45
1768,2026-04-02,40,3,4,1,1,0.02,40.11,58.159499999999994
1769,2026-03-07,25,2,3,12,1,0.05,6.58,11.515
1770,2026-02-11,88,1,1,25,3,0.02,37.95,66.4125
1771,2026-07-09,42,3,4,1,1,0.04,40.11,58.159499999999994
1772,2026-07-17,29,1,1,19,3,0.04,13.620000000000001,23.835
1773,2026-08-15,71,1,2,19,4,0.0,18.16,31.78
1774,2026-03-18,36,3,3,26,1,0.04,13.75,24.0625
1775,2026-01-13,96,2,2,15,2,0.02,23.16,40.53
1776,2026-04-21,4,2,2,20,4,0.03,19.0,33.25
1777,2026-08-13,1,1,1,29,1,0.02,8.52,14.91
1778,2026-06-18,10,3,1,13,1,0.03,5.42,9.485
1779,2026-06-30,22,1,3,13,1,0.01,5.42,9.485
1780,2026-07-29,48,3,3,26,4,0.03,55.0,96.25
1781,2026-04-08,99,2,2,9,1,0.04,2.15,3.7624999999999997
1782,2026-07-14,70,2,3,13,1,0.0,5.42,9.485
1783,2026-06-18,25,3,1,15,2,0.02,23.16,40.53
1784,2026-03-06,24,2,2,1,1,0.05,40.11,58.159499999999994
1785,2026-02-12,43,1,2,25,2,0.01,25.3,44.275
1786,2026-08-21,79,3,4,31,3,0.02,30.75,53.8125
1787,2026-07-11,4,1,3,3,3,0.04,225.71999999999997,327.294
1788,2026-05-16,83,2,4,10,2,0.05,6.7,11.725
1789,2026-06-11,51,3,1,32,3,0.01,37.410000000000004,65.4675
1790,2026-07-07,43,2,3,21,1,0.01,2.25,3.9375
1791,2026-03-05,16,3,4,32,4,0.03,49.88,87.29
1792,2026-04-02,38,1,1,19,1,0.02,4.54,7.945
1793,2026-06-09,5,2,1,25,2,0.05,25.3,44.275
1794,2026-06-10,9,3,3,6,1,0.01,1.54,2.233
1795,2026-08-24,44,2,1,19,3,0.03,13.620000000000001,23.835
1796,2026-08-12,7,1,2,20,2,0.01,9.5,16.625
1797,2026-01-26,40,3,2,1,3,0.05,120.33,174.4785
1798,2026-07-21,27,1,4,10,2,0.04,6.7,11.725
1799,2026-01-03,8,2,2,31,1,0.02,10.25,17.9375
1800,2026-06-02,52,3,4,12,4,0.05,26.32,46.06
1801,2026-01-03,40,2,2,33,2,0.02,22.5,39.375
1802,2026-01-26,88,1,1,17,3,0.04,196.35000000000002,343.6125
1803,2026-01-16,80,1,1,3,4,0.04,300.96,436.39199999999994
1804,2026-07-07,8,3,4,17,2,0.0,130.9,229.07500000000002
1805,2026-07-04,13,3,3,9,3,0.01,6.449999999999999,11.2875
1806,2026-05-05,38,2,1,5,2,0.01,308.5,447.325
1807,2026-04-10,34,1,4,28,3,0.0,22.56,39.480000000000004
1808,2026-05-08,31,1,4,4,4,0.02,381.4,553.03
1809,2026-06-16,52,1,2,2,2,0.02,136.3,197.63500000000002
1810,2026-05-20,75,1,3,18,4,0.03,309.28,541.24
1811,2026-07-22,18,3,3,3,1,0.04,75.24,109.09799999999998
1812,2026-08-05,44,3,4,30,3,0.02,49.349999999999994,86.3625
1813,2026-07-01,32,1,3,14,3,0.02,25.349999999999998,44.3625
1814,2026-03-11,77,2,4,8,2,0.04,4.5,6.5249999999999995
1815,2026-06-15,93,3,1,4,2,0.0,190.7,276.515
1816,2026-07-13,45,1,1,14,1,0.04,8.45,14.787499999999998
1817,2026-02-17,36,2,4,19,1,0.0,4.54,7.945
1818,2026-04-14,83,3,3,20,4,0.01,19.0,33.25
1819,2026-04-18,65,1,1,23,3,0.02,46.769999999999996,81.8475
1820,2026-04-09,25,3,3,9,3,0.03,6.449999999999999,11.2875
1821,2026-08-24,13,3,2,1,4,0.02,160.44,232.63799999999998
1822,2026-06-04,65,3,2,33,4,0.01,45.0,78.75
1823,2026-07-09,40,1,4,20,4,0.01,19.0,33.25
1824,2026-05-16,86,3,1,2,1,0.04,68.15,98.81750000000001
1825,2026-04-24,69,2,2,17,2,0.02,130.9,229.07500000000002
1826,2026-03-06,92,1,3,22,1,0.02,7.45,13.0375
1827,2026-03-31,51,1,3,6,3,0.03,4.62,6.699
1828,2026-07-08,75,2,1,8,2,0.03,4.5,6.5249999999999995
1829,2026-04-27,4,3,2,32,1,0.02,12.47,21.8225
1830,2026-01-15,85,2,4,26,3,0.02,41.25,72.1875
1831,2026-04-17,77,1,2,6,4,0.02,6.16,8.932
1832,2026-04-06,80,1,3,12,3,0.02,19.740000000000002,34.545
1833,2026-05-27,66,2,4,10,4,0.05,13.4,23.45
1834,2026-04-27,92,2,2,22,3,0.04,22.35,39.1125
1835,2026-05-13,76,2,1,10,3,0.04,10.05,17.5875
1836,2026-04-18,7,3,2,3,4,0.03,300.96,436.39199999999994
1837,2026-07-04,70,3,1,13,4,0.03,21.68,37.94
1838,2026-02-26,43,1,2,20,1,0.05,4.75,8.3125
1839,2026-07-06,13,1,1,24,2,0.04,24.9,43.574999999999996
1840,2026-04-29,85,1,3,9,3,0.03,6.449999999999999,11.2875
1841,2026-08-20,49,1,2,16,1,0.0,54.15,94.7625
1842,2026-01-31,17,3,3,6,2,0.02,3.08,4.466
1843,2026-01-27,93,1,1,25,2,0.03,25.3,44.275
1844,2026-04-14,67,3,1,21,3,0.01,6.75,11.8125
1845,2026-01-30,80,2,3,12,1,0.04,6.58,11.515
1846,2026-06-22,57,2,1,32,2,0.04,24.94,43.645
1847,2026-06-04,5,3,3,11,3,0.01,17.25,30.1875
1848,2026-05-19,75,2,1,2,3,0.0,204.45000000000002,296.45250000000004
1849,2026-06-27,96,1,1,7,1,0.03,14.5,21.025
1850,2026-06-06,73,3,4,4,1,0.02,95.35,138.2575
1851,2026-08-21,47,2,1,23,4,0.04,62.36,109.13
1852,2026-06-03,15,3,3,28,2,0.03,15.04,26.32
1853,2026-03-23,65,2,4,1,4,0.04,160.44,232.63799999999998
1854,2026-06-20,77,3,1,25,2,0.04,25.3,44.275
1855,2026-06-06,29,3,1,29,2,0.01,17.04,29.82
1856,2026-01-05,94,3,4,11,4,0.05,23.0,40.25
1857,2026-04-15,86,1,3,7,3,0.01,43.5,63.074999999999996
1858,2026-06-09,90,3,2,30,2,0.03,32.9,57.574999999999996
1859,2026-05-18,10,1,1,28,1,0.04,7.52,13.16
1860,2026-08-07,14,3,1,26,4,0.01,55.0,96.25
1861,2026-06-30,31,3,1,1,4,0.03,160.44,232.63799999999998
1862,2026-08-06,99,2,1,25,3,0.01,37.95,66.4125
1863,2026-03-28,9,3,2,4,2,0.03,190.7,276.515
1864,2026-01-20,47,1,4,15,1,0.04,11.58,20.265
1865,2026-07-28,79,3,4,15,1,0.03,11.58,20.265
1866,2026-01-19,5,3,3,4,4,0.01,381.4,553.03
1867,2026-03-24,8,1,3,32,1,0.01,12.47,21.8225
1868,2026-03-02,78,1,4,1,2,0.0,80.22,116.31899999999999
1869,2026-07-07,4,3,2,15,2,0.03,23.16,40.53
1870,2026-01-26,99,3,3,33,3,0.04,33.75,59.0625
1871,2026-02-19,28,2,1,31,4,0.02,41.0,71.75
1872,2026-05-01,23,1,3,3,2,0.02,150.48,218.19599999999997
1873,2026-07-10,82,1,2,22,3,0.01,22.35,39.1125
1874,2026-06-18,39,1,3,10,4,0.01,13.4,23.45
1875,2026-01-27,58,1,1,29,1,0.04,8.52,14.91
1876,2026-02-19,61,3,2,34,3,0.01,29.67,51.9225
1877,2026-03-20,67,1,2,25,1,0.0,12.65,22.1375
1878,2026-08-07,36,3,4,5,1,0.05,154.25,223.6625
1879,2026-01-27,68,2,3,1,3,0.03,120.33,174.4785
1880,2026-07-18,99,3,4,18,2,0.01,154.64,270.62
1881,2026-01-31,15,3,4,9,4,0.04,8.6,15.049999999999999
1882,2026-03-28,83,3,3,5,2,0.01,308.5,447.325
1883,2026-03-21,80,1,4,13,2,0.04,10.84,18.97
1884,2026-08-10,74,3,1,23,3,0.05,46.769999999999996,81.8475
1885,2026-05-26,93,3,4,23,3,0.04,46.769999999999996,81.8475
1886,2026-01-10,27,1,2,13,2,0.01,10.84,18.97
1887,2026-02-27,40,3,4,10,1,0.02,3.35,5.8625
1888,2026-05-15,62,2,1,10,1,0.01,3.35,5.8625
1889,2026-07-01,81,3,3,20,2,0.01,9.5,16.625
1890,2026-07-10,33,1,1,3,3,0.04,225.71999999999997,327.294
1891,2026-03-23,40,3,3,28,3,0.04,22.56,39.480000000000004
1892,2026-08-05,17,3,4,21,2,0.03,4.5,7.875
1893,2026-05-20,73,3,2,34,4,0.02,39.56,69.23
1894,2026-07-13,83,3,4,30,3,0.04,49.349999999999994,86.3625
1895,2026-02-23,53,2,1,25,1,0.04,12.65,22.1375
1896,2026-07-11,37,1,1,23,3,0.01,46.769999999999996,81.8475
1897,2026-04-09,36,3,4,7,4,0.04,58.0,84.1
1898,2026-08-06,23,2,4,1,1,0.01,40.11,58.159499999999994
1899,2026-04-09,80,3,3,17,4,0.03,261.8,458.15000000000003
1900,2026-06-15,69,3,3,22,3,0.05,22.35,39.1125
1901,2026-06-27,56,3,4,15,1,0.03,11.58,20.265
1902,2026-06-30,71,3,1,34,1,0.04,9.89,17.3075
1903,2026-01-07,48,3,2,16,1,0.01,54.15,94.7625
1904,2026-01-12,86,2,3,24,1,0.02,12.45,21.787499999999998
1905,2026-01-09,36,2,3,10,4,0.03,13.4,23.45
1906,2026-04-15,21,1,4,25,4,0.01,50.6,88.55
1907,2026-08-15,10,2,3,33,2,0.03,22.5,39.375
1908,2026-05-14,14,2,4,25,2,0.03,25.3,44.275
1909,2026-02-23,44,3,3,17,4,0.01,261.8,458.15000000000003
1910,2026-03-06,59,2,1,6,3,0.03,4.62,6.699
1911,2026-05-27,38,2,3,33,4,0.02,45.0,78.75
1912,2026-01-01,52,1,3,12,4,0.01,26.32,46.06
1913,2026-08-17,86,2,2,13,2,0.04,10.84,18.97
1914,2026-06-01,79,3,1,3,4,0.02,300.96,436.39199999999994
1915,2026-06-03,9,1,2,5,4,0.05,617.0,894.65
1916,2026-06-09,68,1,1,9,2,0.02,4.3,7.5249999999999995
1917,2026-03-09,45,1,1,19,2,0.04,9.08,15.89
1918,2026-07-30,56,1,2,30,1,0.0,16.45,28.787499999999998
1919,2026-07-30,87,1,2,34,2,0.01,19.78,34.615
1920,2026-08-28,88,2,2,9,2,0.02,4.3,7.5249999999999995
1921,2026-04-02,24,1,4,31,3,0.02,30.75,53.8125
1922,2026-04-29,28,1,3,8,4,0.03,9.0,13.049999999999999
1923,2026-04-24,8,2,3,33,1,0.05,11.25,19.6875
1924,2026-05-04,43,3,3,26,3,0.02,41.25,72.1875
1925,2026-06-06,90,1,1,5,3,0.02,462.75,670.9875
1926,2026-08-24,72,3,3,17,2,0.0,130.9,229.07500000000002
1927,2026-03-21,60,1,4,27,4,0.02,31.96,55.93
1928,2026-03-23,30,1,4,20,2,0.04,9.5,16.625
1929,2026-08-19,38,3,4,8,1,0.01,2.25,3.2624999999999997
1930,2026-04-14,79,2,3,16,2,0.03,108.3,189.525
1931,2026-07-10,33,2,4,34,2,0.0,19.78,34.615
1932,2026-03-14,72,2,2,11,1,0.01,5.75,10.0625
1933,2026-01-05,28,2,4,14,3,0.04,25.349999999999998,44.3625
1934,2026-01-06,53,2,2,2,4,0.01,272.6,395.27000000000004
1935,2026-04-27,18,2,1,13,1,0.04,5.42,9.485
1936,2026-06-08,88,2,4,17,4,0.04,261.8,458.15000000000003
1937,2026-03-25,99,2,4,20,4,0.04,19.0,33.25
1938,2026-06-04,56,1,3,11,1,0.02,5.75,10.0625
1939,2026-04-13,6,3,4,5,2,0.02,308.5,447.325
1940,2026-02-16,5,2,3,18,4,0.01,309.28,541.24
1941,2026-04-02,91,1,3,21,3,0.04,6.75,11.8125
1942,2026-03-03,60,1,1,14,2,0.0,16.9,29.574999999999996
1943,2026-08-10,40,3,4,5,1,0.03,154.25,223.6625
1944,2026-04-13,11,1,2,2,2,0.04,136.3,197.63500000000002
1945,2026-05-28,74,2,4,13,4,0.02,21.68,37.94
1946,2026-01-07,31,1,4,5,4,0.05,617.0,894.65
1947,2026-02-25,77,2,3,30,4,0.03,65.8,115.14999999999999
1948,2026-03-30,59,1,4,16,1,0.03,54.15,94.7625
1949,2026-01-30,5,2,3,26,1,0.03,13.75,24.0625
1950,2026-08-11,8,2,3,9,1,0.02,2.15,3.7624999999999997
1951,2026-06-24,86,1,4,24,3,0.05,37.349999999999994,65.3625
1952,2026-06-27,29,2,1,33,4,0.03,45.0,78.75
1953,2026-08-05,21,3,1,17,1,0.04,65.45,114.53750000000001
1954,2026-01-28,71,2,4,25,3,0.01,37.95,66.4125
1955,2026-03-25,68,2,2,7,2,0.01,29.0,42.05
1956,2026-04-24,6,1,4,3,1,0.03,75.24,109.09799999999998
1957,2026-01-09,25,3,1,7,2,0.0,29.0,42.05
1958,2026-05-13,31,1,3,33,2,0.04,22.5,39.375
1959,2026-05-29,98,2,2,4,2,0.05,190.7,276.515
1960,2026-08-10,9,1,1,11,4,0.04,23.0,40.25
1961,2026-01-10,31,3,3,5,1,0.02,154.25,223.6625
1962,2026-01-21,13,2,4,14,4,0.01,33.8,59.14999999999999
1963,2026-01-19,83,2,2,17,4,0.02,261.8,458.15000000000003
1964,2026-05-05,1,2,1,13,1,0.04,5.42,9.485
1965,2026-01-29,98,1,3,33,3,0.04,33.75,59.0625
1966,2026-04-18,74,1,2,22,4,0.02,29.8,52.15
1967,2026-05-02,62,2,3,5,2,0.01,308.5,447.325
1968,2026-02-13,61,1,1,21,2,0.03,4.5,7.875
1969,2026-07-29,77,1,2,7,2,0.02,29.0,42.05
1970,2026-06-22,49,2,2,13,3,0.04,16.259999999999998,28.455
1971,2026-03-12,44,3,1,18,4,0.0,309.28,541.24
1972,2026-03-14,27,2,1,7,2,0.01,29.0,42.05
1973,2026-02-23,43,3,4,25,3,0.02,37.95,66.4125
1974,2026-08-24,64,1,1,28,2,0.03,15.04,26.32
1975,2026-03-03,87,2,3,20,3,0.04,14.25,24.9375
1976,2026-02-27,19,1,3,11,3,0.04,17.25,30.1875
1977,2026-01-17,8,3,3,22,3,0.05,22.35,39.1125
1978,2026-05-14,16,2,2,22,3,0.05,22.35,39.1125
1979,2026-01-06,36,3,1,11,4,0.03,23.0,40.25
1980,2026-01-08,42,2,3,4,1,0.02,95.35,138.2575
1981,2026-05-25,77,3,3,14,4,0.02,33.8,59.14999999999999
1982,2026-03-20,7,2,2,5,1,0.04,154.25,223.6625
1983,2026-06-10,45,2,4,29,2,0.04,17.04,29.82
1984,2026-06-27,18,2,2,32,4,0.02,49.88,87.29
1985,2026-03-18,82,2,2,12,4,0.03,26.32,46.06
1986,2026-02-24,24,3,3,21,2,0.04,4.5,7.875
1987,2026-03-16,91,1,1,10,4,0.04,13.4,23.45
1988,2026-06-30,35,3,3,17,1,0.03,65.45,114.53750000000001
1989,2026-06-10,98,3,1,3,1,0.02,75.24,109.09799999999998
1990,2026-01-03,61,3,1,7,1,0.02,14.5,21.025
1991,2026-06-12,87,1,4,11,1,0.05,5.75,10.0625
1992,2026-05-12,97,1,4,16,2,0.04,108.3,189.525
1993,2026-03-27,21,3,4,14,1,0.04,8.45,14.787499999999998
1994,2026-04-24,58,2,2,2,2,0.01,136.3,197.63500000000002
1995,2026-06-05,47,1,2,27,3,0.04,23.97,41.9475
1996,2026-06-23,15,3,3,21,1,0.01,2.25,3.9375
1997,2026-01-08,49,3,2,23,1,0.01,15.59,27.2825
1998,2026-04-22,4,1,3,2,2,0.03,136.3,197.63500000000002
1999,2026-03-19,85,3,3,7,2,0.04,29.0,42.05
2000,2026-08-10,31,3,4,32,3,0.05,37.410000000000004,65.4675
2001,2026-01-19,78,3,3,1,4,0.01,160.44,232.63799999999998
2002,2026-01-07,16,3,2,26,4,0.01,55.0,96.25
2003,2026-02-21,83,1,3,4,2,0.0,190.7,276.515
2004,2026-04-28,89,1,1,1,1,0.02,40.11,58.159499999999994
2005,2026-03-09,82,2,4,22,3,0.03,22.35,39.1125
2006,2026-01-05,86,3,3,22,2,0.02,14.9,26.075
2007,2026-06-06,57,1,4,18,3,0.04,231.95999999999998,405.93
2008,2026-06-24,42,3,2,25,4,0.03,50.6,88.55
2009,2026-01-26,45,3,3,31,2,0.03,20.5,35.875
2010,2026-08-04,42,3,4,30,1,0.02,16.45,28.787499999999998
2011,2026-01-24,62,2,1,23,4,0.05,62.36,109.13
2012,2026-04-24,27,2,2,4,4,0.04,381.4,553.03
2013,2026-05-22,83,2,1,31,4,0.03,41.0,71.75
2014,2026-05-18,64,3,2,9,4,0.05,8.6,15.049999999999999
2015,2026-01-01,65,3,2,17,3,0.01,196.35000000000002,343.6125
2016,2026-05-26,61,1,2,21,1,0.01,2.25,3.9375
2017,2026-02-28,28,1,3,34,4,0.03,39.56,69.23
2018,2026-04-08,27,1,4,28,2,0.01,15.04,26.32
2019,2026-08-20,63,3,1,31,2,0.03,20.5,35.875
2020,2026-08-06,7,3,1,31,1,0.04,10.25,17.9375
2021,2026-01-16,23,3,4,7,4,0.0,58.0,84.1
2022,2026-03-17,66,3,1,2,1,0.04,68.15,98.81750000000001
2023,2026-08-17,35,1,2,5,4,0.0,617.0,894.65
2024,2026-01-15,15,1,4,24,2,0.0,24.9,43.574999999999996
2025,2026-03-26,10,2,1,21,4,0.02,9.0,15.75
2026,2026-01-13,29,3,3,2,3,0.04,204.45000000000002,296.45250000000004
2027,2026-03-18,55,3,2,17,2,0.03,130.9,229.07500000000002
2028,2026-08-05,76,1,2,23,2,0.0,31.18,54.565
2029,2026-02-25,79,2,2,10,3,0.04,10.05,17.5875
2030,2026-06-04,20,2,4,28,4,0.0,30.08,52.64
2031,2026-07-29,41,3,3,5,1,0.04,154.25,223.6625
2032,2026-03-02,27,3,2,21,2,0.04,4.5,7.875
2033,2026-04-01,31,1,1,24,4,0.01,49.8,87.14999999999999
2034,2026-02-24,73,1,3,33,1,0.04,11.25,19.6875
2035,2026-06-02,5,3,4,4,4,0.05,381.4,553.03
2036,2026-06-19,56,1,1,31,2,0.02,20.5,35.875
2037,2026-04-04,77,3,3,9,4,0.03,8.6,15.049999999999999
2038,2026-08-03,91,1,4,31,2,0.05,20.5,35.875
2039,2026-07-31,96,2,1,32,3,0.04,37.410000000000004,65.4675
2040,2026-04-08,41,1,3,29,2,0.0,17.04,29.82
2041,2026-02-28,79,3,3,15,1,0.03,11.58,20.265
2042,2026-05-28,52,2,3,26,4,0.04,55.0,96.25
2043,2026-02-17,50,3,1,19,2,0.04,9.08,15.89
2044,2026-03-04,75,3,3,8,4,0.02,9.0,13.049999999999999
2045,2026-07-11,28,2,3,11,1,0.0,5.75,10.0625
2046,2026-02-18,10,3,4,7,2,0.0,29.0,42.05
2047,2026-03-20,6,2,1,27,2,0.04,15.98,27.965
2048,2026-06-16,21,1,4,33,2,0.01,22.5,39.375
2049,2026-04-20,30,2,4,30,4,0.04,65.8,115.14999999999999
2050,2026-06-16,24,3,3,27,2,0.02,15.98,27.965
2051,2026-03-16,76,2,1,18,1,0.04,77.32,135.31
2052,2026-07-10,80,3,4,33,1,0.04,11.25,19.6875
2053,2026-06-30,80,3,2,13,1,0.03,5.42,9.485
2054,2026-06-26,36,3,4,27,3,0.0,23.97,41.9475
2055,2026-04-02,44,3,2,9,3,0.03,6.449999999999999,11.2875
2056,2026-04-30,49,2,2,14,3,0.03,25.349999999999998,44.3625
2057,2026-01-26,65,1,4,17,3,0.01,196.35000000000002,343.6125
2058,2026-08-15,48,3,4,22,1,0.04,7.45,13.0375
2059,2026-03-26,61,1,3,15,3,0.05,34.74,60.795
2060,2026-07-06,1,2,3,14,4,0.0,33.8,59.14999999999999
2061,2026-04-14,5,3,2,23,1,0.02,15.59,27.2825
2062,2026-06-26,53,2,3,6,3,0.05,4.62,6.699
2063,2026-07-07,99,1,2,17,1,0.0,65.45,114.53750000000001
2064,2026-06-30,40,1,3,25,2,0.01,25.3,44.275
2065,2026-02-05,94,2,2,24,3,0.04,37.349999999999994,65.3625
2066,2026-08-24,11,1,4,23,2,0.02,31.18,54.565
2067,2026-02-13,53,2,3,11,3,0.04,17.25,30.1875
2068,2026-01-05,79,3,2,30,1,0.0,16.45,28.787499999999998
2069,2026-01-01,43,2,3,5,1,0.02,154.25,223.6625
2070,2026-04-27,21,1,1,7,2,0.01,29.0,42.05
2071,2026-03-30,42,1,2,7,1,0.01,14.5,21.025
2072,2026-04-16,38,1,2,24,4,0.04,49.8,87.14999999999999
2073,2026-08-24,5,1,2,25,2,0.0,25.3,44.275
2074,2026-02-02,93,3,3,29,1,0.02,8.52,14.91
2075,2026-05-22,46,1,4,7,3,0.03,43.5,63.074999999999996
2076,2026-04-27,73,2,2,28,4,0.04,30.08,52.64
2077,2026-05-02,62,1,2,32,2,0.04,24.94,43.645
2078,2026-07-07,41,2,2,20,2,0.04,9.5,16.625
2079,2026-05-23,34,3,2,27,2,0.0,15.98,27.965
2080,2026-07-04,11,2,2,11,1,0.04,5.75,10.0625
2081,2026-06-09,83,3,2,22,3,0.01,22.35,39.1125
2082,2026-03-02,58,2,1,9,2,0.02,4.3,7.5249999999999995
2083,2026-05-16,28,2,3,12,1,0.01,6.58,11.515
2084,2026-05-13,45,3,1,17,3,0.04,196.35000000000002,343.6125
2085,2026-04-08,46,2,2,5,2,0.0,308.5,447.325
2086,2026-05-06,56,3,2,33,4,0.02,45.0,78.75
2087,2026-03-05,36,2,3,12,3,0.03,19.740000000000002,34.545
2088,2026-08-08,42,2,2,2,1,0.02,68.15,98.81750000000001
2089,2026-03-04,30,1,3,23,2,0.03,31.18,54.565
2090,2026-05-02,55,3,3,10,4,0.03,13.4,23.45
2091,2026-04-29,99,2,4,33,2,0.01,22.5,39.375
2092,2026-02-17,67,3,3,34,2,0.05,19.78,34.615
2093,2026-06-24,95,2,2,16,1,0.0,54.15,94.7625
2094,2026-06-16,68,1,4,16,1,0.04,54.15,94.7625
2095,2026-06-01,78,2,4,24,2,0.03,24.9,43.574999999999996
2096,2026-03-24,42,1,1,21,3,0.03,6.75,11.8125
2097,2026-06-06,14,2,2,12,4,0.02,26.32,46.06
2098,2026-01-24,24,2,1,27,4,0.02,31.96,55.93
2099,2026-01-01,16,1,3,22,1,0.01,7.45,13.0375
2100,2026-06-08,88,1,3,11,2,0.03,11.5,20.125
2101,2026-01-15,1,3,4,11,4,0.05,23.0,40.25
2102,2026-04-14,46,2,3,32,1,0.01,12.47,21.8225
2103,2026-08-01,37,2,1,32,4,0.03,49.88,87.29
2104,2026-04-17,32,1,3,7,1,0.01,14.5,21.025
2105,2026-03-23,10,2,2,27,1,0.04,7.99,13.9825
2106,2026-01-09,30,2,2,29,4,0.0,34.08,59.64
2107,2026-04-25,86,2,2,21,4,0.03,9.0,15.75
2108,2026-03-27,46,1,4,32,2,0.02,24.94,43.645
2109,2026-03-28,72,3,3,22,1,0.04,7.45,13.0375
2110,2026-08-22,13,3,4,22,4,0.0,29.8,52.15
2111,2026-05-25,50,2,3,11,2,0.05,11.5,20.125
2112,2026-06-08,16,3,2,24,2,0.03,24.9,43.574999999999996
2113,2026-07-28,60,1,1,27,3,0.01,23.97,41.9475
2114,2026-02-21,76,3,4,29,4,0.01,34.08,59.64
2115,2026-02-14,20,1,4,24,3,0.03,37.349999999999994,65.3625
2116,2026-03-28,4,1,2,23,3,0.05,46.769999999999996,81.8475
2117,2026-03-09,79,2,3,27,1,0.0,7.99,13.9825
2118,2026-07-22,45,2,3,7,4,0.04,58.0,84.1
2119,2026-06-01,97,3,2,13,4,0.02,21.68,37.94
2120,2026-03-28,56,1,2,11,2,0.04,11.5,20.125
2121,2026-04-20,71,1,1,21,1,0.02,2.25,3.9375
2122,2026-04-27,92,3,1,13,2,0.05,10.84,18.97
2123,2026-03-18,64,2,2,11,2,0.03,11.5,20.125
2124,2026-02-21,63,3,2,4,1,0.0,95.35,138.2575
2125,2026-01-14,39,1,3,27,1,0.02,7.99,13.9825
2126,2026-01-20,79,1,4,7,1,0.01,14.5,21.025
2127,2026-04-08,27,3,1,27,1,0.0,7.99,13.9825
2128,2026-08-20,51,3,3,34,4,0.02,39.56,69.23
2129,2026-04-23,38,1,2,10,1,0.02,3.35,5.8625
2130,2026-02-05,68,2,2,23,1,0.02,15.59,27.2825
2131,2026-04-11,93,3,2,3,3,0.04,225.71999999999997,327.294
2132,2026-08-22,49,1,1,14,1,0.02,8.45,14.787499999999998
2133,2026-02-14,10,2,4,29,3,0.04,25.56,44.730000000000004
2134,2026-02-10,27,3,1,32,2,0.04,24.94,43.645
2135,2026-07-06,70,1,3,14,4,0.01,33.8,59.14999999999999
2136,2026-08-22,67,1,4,31,3,0.03,30.75,53.8125
2137,2026-07-14,13,2,4,8,4,0.05,9.0,13.049999999999999
2138,2026-07-03,98,3,4,21,4,0.02,9.0,15.75
2139,2026-06-26,4,1,2,16,4,0.01,216.6,379.05
2140,2026-07-17,82,3,3,19,1,0.02,4.54,7.945
2141,2026-01-01,57,1,2,28,1,0.04,7.52,13.16
2142,2026-08-31,1,1,2,8,3,0.02,6.75,9.7875
2143,2026-08-14,33,2,3,5,2,0.05,308.5,447.325
2144,2026-04-20,16,2,4,33,3,0.02,33.75,59.0625
2145,2026-01-12,85,1,4,3,3,0.02,225.71999999999997,327.294
2146,2026-02-14,86,1,1,16,3,0.02,162.45,284.2875
2147,2026-05-13,39,3,2,9,3,0.03,6.449999999999999,11.2875
2148,2026-02-23,73,1,3,15,2,0.05,23.16,40.53
2149,2026-03-24,26,2,3,26,4,0.01,55.0,96.25
2150,2026-04-23,88,2,3,26,3,0.01,41.25,72.1875
2151,2026-04-30,56,3,2,25,2,0.01,25.3,44.275
2152,2026-08-26,62,1,1,8,4,0.0,9.0,13.049999999999999
2153,2026-08-18,39,3,4,18,4,0.02,309.28,541.24
2154,2026-08-12,98,1,4,13,2,0.02,10.84,18.97
2155,2026-05-26,88,2,2,30,2,0.04,32.9,57.574999999999996
2156,2026-06-23,39,2,2,1,4,0.01,160.44,232.63799999999998
2157,2026-06-06,87,1,2,12,3,0.04,19.740000000000002,34.545
2158,2026-02-07,7,3,2,19,3,0.04,13.620000000000001,23.835
2159,2026-01-30,75,1,1,24,4,0.0,49.8,87.14999999999999
2160,2026-05-18,1,3,4,14,3,0.03,25.349999999999998,44.3625
2161,2026-07-24,91,1,4,10,2,0.04,6.7,11.725
2162,2026-07-07,99,1,2,6,2,0.04,3.08,4.466
2163,2026-01-22,72,3,3,1,2,0.01,80.22,116.31899999999999
2164,2026-08-10,87,3,3,26,4,0.01,55.0,96.25
2165,2026-01-05,50,3,2,19,1,0.0,4.54,7.945
2166,2026-04-11,37,1,3,5,3,0.01,462.75,670.9875
2167,2026-08-15,87,2,2,19,4,0.02,18.16,31.78
2168,2026-01-01,21,1,4,33,3,0.01,33.75,59.0625
2169,2026-06-22,7,2,4,27,4,0.03,31.96,55.93
2170,2026-02-11,28,2,1,32,1,0.05,12.47,21.8225
2171,2026-02-21,98,2,2,32,4,0.04,49.88,87.29
2172,2026-08-21,24,3,3,24,1,0.05,12.45,21.787499999999998
2173,2026-06-01,41,2,4,6,2,0.0,3.08,4.466
2174,2026-04-15,43,3,3,32,3,0.03,37.410000000000004,65.4675
2175,2026-04-15,82,2,4,29,1,0.02,8.52,14.91
2176,2026-01-01,45,2,1,12,3,0.0,19.740000000000002,34.545
2177,2026-04-08,49,3,3,13,1,0.02,5.42,9.485
2178,2026-04-08,68,3,2,20,1,0.02,4.75,8.3125
2179,2026-07-25,61,2,4,22,2,0.04,14.9,26.075
2180,2026-03-16,59,1,4,14,4,0.05,33.8,59.14999999999999
2181,2026-05-25,92,2,2,2,3,0.03,204.45000000000002,296.45250000000004
2182,2026-08-31,65,1,1,1,1,0.02,40.11,58.159499999999994
2183,2026-04-16,76,1,3,1,4,0.03,160.44,232.63799999999998
2184,2026-03-12,98,3,1,20,1,0.04,4.75,8.3125
2185,2026-03-10,67,2,4,24,1,0.0,12.45,21.787499999999998
2186,2026-02-07,57,2,2,2,2,0.02,136.3,197.63500000000002
2187,2026-01-16,74,3,2,18,1,0.02,77.32,135.31
2188,2026-06-25,84,2,4,8,3,0.02,6.75,9.7875
2189,2026-08-07,35,1,3,30,2,0.05,32.9,57.574999999999996
2190,2026-03-16,19,3,4,20,2,0.01,9.5,16.625
2191,2026-08-08,33,2,3,1,1,0.02,40.11,58.159499999999994
2192,2026-05-01,22,3,3,26,2,0.02,27.5,48.125
2193,2026-02-07,98,3,1,4,4,0.04,381.4,553.03
2194,2026-06-08,2,2,1,17,1,0.0,65.45,114.53750000000001
2195,2026-04-23,86,3,1,20,4,0.02,19.0,33.25
2196,2026-07-06,87,1,3,25,4,0.03,50.6,88.55
2197,2026-08-07,40,1,1,33,1,0.03,11.25,19.6875
2198,2026-01-27,31,3,2,10,4,0.05,13.4,23.45
2199,2026-05-06,8,1,1,7,1,0.05,14.5,21.025
2200,2026-07-17,75,3,4,14,4,0.03,33.8,59.14999999999999
2201,2026-01-24,18,1,4,25,3,0.02,37.95,66.4125
2202,2026-08-29,87,2,2,8,3,0.04,6.75,9.7875
2203,2026-06-29,37,1,4,29,2,0.03,17.04,29.82
2204,2026-03-06,16,2,2,4,2,0.04,190.7,276.515
2205,2026-02-06,67,3,2,27,4,0.02,31.96,55.93
2206,2026-08-19,84,3,3,1,4,0.01,160.44,232.63799999999998
2207,2026-04-06,83,3,3,26,3,0.04,41.25,72.1875
2208,2026-03-09,70,1,1,20,4,0.04,19.0,33.25
2209,2026-01-03,64,2,2,15,4,0.03,46.32,81.06
2210,2026-04-07,37,1,2,32,3,0.05,37.410000000000004,65.4675
2211,2026-06-13,88,2,1,15,1,0.03,11.58,20.265
2212,2026-04-10,75,1,4,11,4,0.04,23.0,40.25
2213,2026-08-24,58,2,3,33,3,0.04,33.75,59.0625
2214,2026-04-23,56,2,4,17,1,0.04,65.45,114.53750000000001
2215,2026-05-27,97,3,2,15,4,0.04,46.32,81.06
2216,2026-05-08,53,2,1,21,1,0.01,2.25,3.9375
2217,2026-01-31,68,2,1,31,3,0.03,30.75,53.8125
2218,2026-01-30,49,1,1,23,1,0.03,15.59,27.2825
2219,2026-06-10,99,2,1,32,2,0.02,24.94,43.645
2220,2026-06-08,56,2,4,10,2,0.01,6.7,11.725
2221,2026-03-14,91,3,4,16,2,0.01,108.3,189.525
2222,2026-02-16,43,1,4,28,2,0.04,15.04,26.32
2223,2026-02-27,51,2,1,30,2,0.03,32.9,57.574999999999996
2224,2026-01-19,43,2,2,22,1,0.04,7.45,13.0375
2225,2026-03-21,40,1,2,31,1,0.01,10.25,17.9375
2226,2026-01-06,64,2,4,20,4,0.05,19.0,33.25
2227,2026-01-28,1,1,3,5,1,0.03,154.25,223.6625
2228,2026-01-23,17,1,2,23,2,0.04,31.18,54.565
2229,2026-04-27,21,3,1,32,3,0.04,37.410000000000004,65.4675
2230,2026-07-25,85,3,4,16,1,0.03,54.15,94.7625
2231,2026-07-29,34,1,1,19,1,0.01,4.54,7.945
2232,2026-01-10,62,1,4,14,4,0.04,33.8,59.14999999999999
2233,2026-07-13,51,2,1,33,4,0.04,45.0,78.75
2234,2026-01-20,53,3,2,14,3,0.03,25.349999999999998,44.3625
2235,2026-03-24,75,3,4,32,4,0.01,49.88,87.29
2236,2026-02-21,99,1,4,10,1,0.03,3.35,5.8625
2237,2026-05-18,99,1,4,30,4,0.05,65.8,115.14999999999999
2238,2026-08-06,28,2,1,3,4,0.0,300.96,436.39199999999994
2239,2026-05-30,9,3,4,31,1,0.03,10.25,17.9375
2240,2026-04-16,97,1,4,18,2,0.02,154.64,270.62
2241,2026-03-03,37,2,1,9,3,0.04,6.449999999999999,11.2875
2242,2026-05-14,70,1,1,7,2,0.02,29.0,42.05
2243,2026-06-27,65,3,2,5,1,0.04,154.25,223.6625
2244,2026-07-14,16,3,1,18,4,0.0,309.28,541.24
2245,2026-06-23,59,3,4,1,3,0.02,120.33,174.4785
2246,2026-06-26,43,3,4,13,1,0.04,5.42,9.485
2247,2026-05-15,32,2,3,18,4,0.03,309.28,541.24
2248,2026-02-03,1,1,4,22,4,0.03,29.8,52.15
2249,2026-05-28,27,1,4,13,1,0.05,5.42,9.485
2250,2026-04-06,27,2,2,25,1,0.01,12.65,22.1375
2251,2026-08-04,59,1,1,8,4,0.02,9.0,13.049999999999999
2252,2026-08-01,61,1,1,15,2,0.0,23.16,40.53
2253,2026-04-29,83,1,2,32,1,0.0,12.47,21.8225
2254,2026-07-01,54,2,1,24,4,0.0,49.8,87.14999999999999
2255,2026-02-25,25,3,3,9,2,0.04,4.3,7.5249999999999995
2256,2026-08-27,81,3,1,19,3,0.03,13.620000000000001,23.835
2257,2026-06-27,9,3,1,14,2,0.01,16.9,29.574999999999996
2258,2026-03-14,81,3,3,20,4,0.04,19.0,33.25
2259,2026-07-28,44,3,4,23,2,0.01,31.18,54.565
2260,2026-06-05,63,3,3,34,4,0.0,39.56,69.23
2261,2026-04-16,71,1,1,6,2,0.05,3.08,4.466
2262,2026-07-21,50,1,4,1,4,0.02,160.44,232.63799999999998
2263,2026-03-26,25,2,1,31,2,0.0,20.5,35.875
2264,2026-06-18,16,1,1,22,1,0.01,7.45,13.0375
2265,2026-01-06,92,2,1,19,3,0.04,13.620000000000001,23.835
2266,2026-02-09,65,3,2,26,2,0.01,27.5,48.125
2267,2026-03-10,79,2,2,9,2,0.0,4.3,7.5249999999999995
2268,2026-05-20,86,1,1,18,1,0.03,77.32,135.31
2269,2026-05-09,32,3,3,3,3,0.02,225.71999999999997,327.294
2270,2026-07-06,47,3,2,15,1,0.05,11.58,20.265
2271,2026-05-16,1,1,4,19,3,0.0,13.620000000000001,23.835
2272,2026-03-02,63,2,2,14,3,0.02,25.349999999999998,44.3625
2273,2026-06-16,65,1,2,12,2,0.03,13.16,23.03
2274,2026-08-20,36,2,3,5,1,0.04,154.25,223.6625
2275,2026-07-01,36,1,4,21,3,0.01,6.75,11.8125
2276,2026-01-24,32,3,1,24,2,0.01,24.9,43.574999999999996
2277,2026-08-19,56,3,3,2,3,0.01,204.45000000000002,296.45250000000004
2278,2026-02-18,25,2,3,33,2,0.01,22.5,39.375
2279,2026-01-02,69,1,1,17,4,0.05,261.8,458.15000000000003
2280,2026-05-14,77,2,4,28,2,0.0,15.04,26.32
2281,2026-05-01,26,3,4,13,3,0.02,16.259999999999998,28.455
2282,2026-07-18,8,2,2,1,4,0.01,160.44,232.63799999999998
2283,2026-05-15,44,1,3,15,1,0.04,11.58,20.265
2284,2026-08-07,14,3,3,25,1,0.02,12.65,22.1375
2285,2026-07-01,82,3,4,15,3,0.02,34.74,60.795
2286,2026-02-11,55,3,2,19,1,0.03,4.54,7.945
2287,2026-07-27,26,1,3,6,2,0.03,3.08,4.466
2288,2026-01-19,83,3,4,14,2,0.05,16.9,29.574999999999996
2289,2026-02-14,40,2,2,3,1,0.0,75.24,109.09799999999998
2290,2026-07-25,20,3,1,8,2,0.03,4.5,6.5249999999999995
2291,2026-03-11,21,3,3,15,2,0.0,23.16,40.53
2292,2026-04-07,86,2,2,17,4,0.01,261.8,458.15000000000003
2293,2026-07-02,16,1,3,5,4,0.03,617.0,894.65
2294,2026-06-19,87,3,2,26,2,0.04,27.5,48.125
2295,2026-01-22,89,2,2,11,1,0.01,5.75,10.0625
2296,2026-05-04,1,2,2,28,4,0.02,30.08,52.64
2297,2026-05-13,75,1,4,28,1,0.02,7.52,13.16
2298,2026-01-26,5,1,4,13,4,0.05,21.68,37.94
2299,2026-05-26,76,3,2,23,1,0.03,15.59,27.2825
2300,2026-03-27,15,2,1,34,3,0.02,29.67,51.9225
2301,2026-03-27,45,2,3,2,4,0.04,272.6,395.27000000000004
2302,2026-02-23,47,3,2,22,1,0.03,7.45,13.0375
2303,2026-01-03,25,1,3,12,3,0.05,19.740000000000002,34.545
2304,2026-05-02,17,3,2,16,2,0.02,108.3,189.525
2305,2026-08-22,61,3,1,13,1,0.01,5.42,9.485
2306,2026-03-25,54,3,4,9,3,0.01,6.449999999999999,11.2875
2307,2026-04-22,82,1,4,4,1,0.0,95.35,138.2575
2308,2026-06-05,61,3,2,8,3,0.0,6.75,9.7875
2309,2026-03-21,26,3,3,33,3,0.04,33.75,59.0625
2310,2026-03-21,39,1,2,33,1,0.01,11.25,19.6875
2311,2026-02-12,24,2,1,11,1,0.02,5.75,10.0625
2312,2026-02-10,98,2,4,30,4,0.04,65.8,115.14999999999999
2313,2026-05-18,60,3,3,7,2,0.02,29.0,42.05
2314,2026-04-28,99,3,2,30,2,0.03,32.9,57.574999999999996
2315,2026-01-24,29,2,3,27,2,0.05,15.98,27.965
2316,2026-04-27,72,3,1,2,2,0.03,136.3,197.63500000000002
2317,2026-07-02,41,2,3,7,3,0.03,43.5,63.074999999999996
2318,2026-05-14,93,2,2,13,3,0.02,16.259999999999998,28.455
2319,2026-04-08,47,1,3,16,4,0.04,216.6,379.05
2320,2026-02-28,73,3,2,13,3,0.01,16.259999999999998,28.455
2321,2026-08-08,67,3,3,3,3,0.03,225.71999999999997,327.294
2322,2026-08-12,47,2,4,31,4,0.04,41.0,71.75
2323,2026-07-04,15,3,2,3,4,0.05,300.96,436.39199999999994
2324,2026-06-29,95,3,1,5,1,0.04,154.25,223.6625
2325,2026-02-02,54,1,4,2,1,0.04,68.15,98.81750000000001
2326,2026-06-04,15,2,1,26,3,0.05,41.25,72.1875
2327,2026-04-03,40,2,4,16,4,0.01,216.6,379.05
2328,2026-08-15,69,3,1,11,3,0.03,17.25,30.1875
2329,2026-08-18,97,1,3,25,4,0.02,50.6,88.55
2330,2026-07-30,59,1,1,17,3,0.04,196.35000000000002,343.6125
2331,2026-07-17,50,2,3,14,2,0.02,16.9,29.574999999999996
2332,2026-02-14,20,1,1,20,3,0.04,14.25,24.9375
2333,2026-03-30,27,1,4,4,3,0.0,286.04999999999995,414.7725
2334,2026-08-07,61,3,3,16,2,0.03,108.3,189.525
2335,2026-06-11,6,3,4,10,1,0.03,3.35,5.8625
2336,2026-06-15,3,2,1,21,1,0.04,2.25,3.9375
2337,2026-04-30,33,3,4,15,1,0.01,11.58,20.265
2338,2026-04-21,69,2,1,19,1,0.04,4.54,7.945
2339,2026-04-03,72,2,4,18,2,0.0,154.64,270.62
2340,2026-07-25,80,3,3,23,4,0.02,62.36,109.13
2341,2026-03-04,64,2,1,20,2,0.01,9.5,16.625
2342,2026-04-01,64,1,2,1,1,0.05,40.11,58.159499999999994
2343,2026-08-22,4,2,4,1,2,0.01,80.22,116.31899999999999
2344,2026-01-20,85,3,4,22,3,0.01,22.35,39.1125
2345,2026-02-27,97,2,1,27,2,0.0,15.98,27.965
2346,2026-08-29,19,1,1,29,1,0.03,8.52,14.91
2347,2026-03-13,88,3,2,18,4,0.04,309.28,541.24
2348,2026-07-03,60,3,1,28,4,0.03,30.08,52.64
2349,2026-07-06,41,3,3,18,4,0.01,309.28,541.24
2350,2026-03-20,72,3,3,17,4,0.04,261.8,458.15000000000003
2351,2026-06-24,66,1,2,22,3,0.02,22.35,39.1125
2352,2026-04-15,46,1,4,22,3,0.02,22.35,39.1125
2353,2026-07-09,46,2,4,11,2,0.03,11.5,20.125
2354,2026-04-30,37,2,4,11,4,0.0,23.0,40.25
2355,2026-02-17,91,1,2,3,3,0.03,225.71999999999997,327.294
2356,2026-07-08,98,3,1,10,3,0.02,10.05,17.5875
2357,2026-02-28,75,1,3,20,4,0.01,19.0,33.25
2358,2026-02-23,59,3,4,31,1,0.04,10.25,17.9375
2359,2026-04-20,83,2,3,6,1,0.01,1.54,2.233
2360,2026-02-04,90,1,1,20,1,0.01,4.75,8.3125
2361,2026-01-31,65,1,4,6,2,0.04,3.08,4.466
2362,2026-06-09,46,1,2,33,4,0.0,45.0,78.75
2363,2026-01-26,26,1,3,5,1,0.02,154.25,223.6625
2364,2026-07-16,4,1,3,30,1,0.0,16.45,28.787499999999998
2365,2026-06-11,84,3,4,7,4,0.02,58.0,84.1
2366,2026-05-25,35,2,3,19,1,0.01,4.54,7.945
2367,2026-07-17,32,3,2,1,2,0.02,80.22,116.31899999999999
2368,2026-06-26,5,3,4,25,1,0.05,12.65,22.1375
2369,2026-05-09,3,1,3,22,2,0.02,14.9,26.075
2370,2026-02-14,86,3,4,32,2,0.0,24.94,43.645
2371,2026-05-04,83,3,3,33,2,0.0,22.5,39.375
2372,2026-01-07,65,3,2,33,2,0.04,22.5,39.375
2373,2026-01-29,17,1,4,5,1,0.03,154.25,223.6625
2374,2026-05-27,66,2,1,34,3,0.05,29.67,51.9225
2375,2026-04-17,5,2,4,6,3,0.02,4.62,6.699
2376,2026-04-03,9,3,1,32,2,0.03,24.94,43.645
2377,2026-01-05,13,1,4,34,3,0.01,29.67,51.9225
2378,2026-02-26,44,3,2,29,2,0.01,17.04,29.82
2379,2026-06-18,37,1,2,24,1,0.05,12.45,21.787499999999998
2380,2026-06-24,76,1,4,1,3,0.05,120.33,174.4785
2381,2026-05-04,2,2,4,34,1,0.03,9.89,17.3075
2382,2026-05-07,56,3,1,19,1,0.02,4.54,7.945
2383,2026-08-03,4,3,1,13,3,0.04,16.259999999999998,28.455
2384,2026-05-22,9,2,1,2,4,0.04,272.6,395.27000000000004
2385,2026-07-28,36,1,1,22,2,0.03,14.9,26.075
2386,2026-02-03,57,3,2,29,2,0.0,17.04,29.82
2387,2026-01-17,48,3,1,10,4,0.05,13.4,23.45
2388,2026-05-09,18,2,1,16,4,0.05,216.6,379.05
2389,2026-01-03,71,1,4,2,3,0.0,204.45000000000002,296.45250000000004
2390,2026-06-12,31,3,1,32,1,0.02,12.47,21.8225
2391,2026-07-24,91,2,3,9,2,0.04,4.3,7.5249999999999995
2392,2026-01-24,49,2,1,17,4,0.01,261.8,458.15000000000003
2393,2026-07-14,61,3,1,18,1,0.03,77.32,135.31
2394,2026-06-17,18,3,1,10,4,0.03,13.4,23.45
2395,2026-01-12,8,3,1,12,3,0.01,19.740000000000002,34.545
2396,2026-02-16,76,1,2,13,4,0.02,21.68,37.94
2397,2026-07-17,52,2,4,5,4,0.02,617.0,894.65
2398,2026-07-14,20,3,4,14,1,0.03,8.45,14.787499999999998
2399,2026-08-18,97,2,3,10,1,0.03,3.35,5.8625
2400,2026-05-01,69,2,4,16,2,0.04,108.3,189.525
2401,2026-03-04,5,3,3,31,4,0.02,41.0,71.75
2402,2026-02-06,83,3,4,6,1,0.01,1.54,2.233
2403,2026-08-08,44,3,4,15,3,0.0,34.74,60.795
2404,2026-06-23,20,1,1,13,1,0.0,5.42,9.485
2405,2026-06-22,64,2,3,14,2,0.03,16.9,29.574999999999996
2406,2026-05-25,73,1,2,23,1,0.01,15.59,27.2825
2407,2026-05-15,60,3,2,15,2,0.04,23.16,40.53
2408,2026-05-20,97,3,4,7,4,0.04,58.0,84.1
2409,2026-03-23,22,1,4,28,3,0.02,22.56,39.480000000000004
2410,2026-05-22,15,2,4,5,3,0.03,462.75,670.9875
2411,2026-04-06,28,3,1,6,2,0.04,3.08,4.466
2412,2026-05-25,84,3,4,1,3,0.01,120.33,174.4785
2413,2026-08-22,22,3,4,33,3,0.03,33.75,59.0625
2414,2026-06-25,12,2,1,22,2,0.04,14.9,26.075
2415,2026-05-15,61,2,4,7,4,0.02,58.0,84.1
2416,2026-08-27,83,3,1,14,3,0.0,25.349999999999998,44.3625
2417,2026-02-07,42,3,1,20,1,0.04,4.75,8.3125
2418,2026-05-23,67,2,3,11,4,0.01,23.0,40.25
2419,2026-08-28,47,2,4,24,1,0.01,12.45,21.787499999999998
2420,2026-07-17,9,1,2,13,4,0.02,21.68,37.94
2421,2026-08-24,50,1,2,32,2,0.0,24.94,43.645
2422,2026-06-24,90,3,2,12,1,0.02,6.58,11.515
2423,2026-01-12,63,1,3,6,3,0.0,4.62,6.699
2424,2026-02-21,33,1,2,22,4,0.02,29.8,52.15
2425,2026-05-30,29,1,2,5,4,0.04,617.0,894.65
2426,2026-08-08,17,3,1,33,4,0.04,45.0,78.75
2427,2026-06-12,84,1,1,24,2,0.01,24.9,43.574999999999996
2428,2026-07-13,78,2,4,28,3,0.01,22.56,39.480000000000004
2429,2026-03-16,72,1,1,10,4,0.02,13.4,23.45
2430,2026-08-08,27,1,3,17,2,0.03,130.9,229.07500000000002
2431,2026-04-03,77,2,4,23,4,0.04,62.36,109.13
2432,2026-04-13,81,3,1,12,3,0.03,19.740000000000002,34.545
2433,2026-01-17,96,1,2,6,4,0.0,6.16,8.932
2434,2026-07-16,8,3,1,7,4,0.03,58.0,84.1
2435,2026-04-29,62,2,4,21,1,0.05,2.25,3.9375
2436,2026-04-01,82,1,4,16,2,0.0,108.3,189.525
2437,2026-04-28,2,2,2,13,3,0.01,16.259999999999998,28.455
2438,2026-05-25,94,1,4,25,4,0.03,50.6,88.55
2439,2026-04-18,96,1,1,25,2,0.01,25.3,44.275
2440,2026-04-28,91,1,1,31,2,0.03,20.5,35.875
2441,2026-01-31,56,1,3,18,2,0.04,154.64,270.62
2442,2026-04-13,83,1,2,29,2,0.04,17.04,29.82
2443,2026-06-02,31,1,3,27,2,0.04,15.98,27.965
2444,2026-02-17,39,3,4,14,2,0.01,16.9,29.574999999999996
2445,2026-01-19,36,2,2,2,1,0.04,68.15,98.81750000000001
2446,2026-07-11,99,2,3,1,1,0.03,40.11,58.159499999999994
2447,2026-07-13,87,3,4,4,1,0.03,95.35,138.2575
2448,2026-07-24,34,3,4,27,1,0.03,7.99,13.9825
2449,2026-04-09,17,2,2,29,3,0.04,25.56,44.730000000000004
2450,2026-01-07,10,2,1,21,1,0.0,2.25,3.9375
2451,2026-07-18,89,2,3,11,1,0.03,5.75,10.0625
2452,2026-08-19,83,1,3,28,1,0.02,7.52,13.16
2453,2026-08-03,33,2,2,3,1,0.02,75.24,109.09799999999998
2454,2026-03-19,16,2,3,33,2,0.05,22.5,39.375
2455,2026-06-16,35,1,3,21,3,0.01,6.75,11.8125
2456,2026-05-28,98,2,4,5,3,0.04,462.75,670.9875
2457,2026-05-19,44,2,4,34,1,0.03,9.89,17.3075
2458,2026-03-24,32,2,4,32,3,0.04,37.410000000000004,65.4675
2459,2026-03-16,36,1,1,11,3,0.02,17.25,30.1875
2460,2026-08-21,43,3,3,24,1,0.05,12.45,21.787499999999998
2461,2026-03-31,90,2,2,2,4,0.04,272.6,395.27000000000004
2462,2026-08-26,7,2,2,18,2,0.0,154.64,270.62
2463,2026-02-18,9,2,3,21,1,0.01,2.25,3.9375
2464,2026-02-26,92,1,3,7,3,0.04,43.5,63.074999999999996
2465,2026-06-25,65,1,1,3,1,0.02,75.24,109.09799999999998
2466,2026-06-22,68,3,4,10,1,0.03,3.35,5.8625
2467,2026-04-14,21,2,1,4,1,0.04,95.35,138.2575
2468,2026-03-12,69,3,1,23,3,0.02,46.769999999999996,81.8475
2469,2026-03-04,50,1,3,29,3,0.04,25.56,44.730000000000004
2470,2026-02-17,89,2,2,9,1,0.0,2.15,3.7624999999999997
2471,2026-01-09,28,2,2,13,4,0.0,21.68,37.94
2472,2026-05-15,28,3,3,13,3,0.02,16.259999999999998,28.455
2473,2026-02-14,68,1,1,4,4,0.05,381.4,553.03
2474,2026-06-19,26,1,4,5,4,0.01,617.0,894.65
2475,2026-02-10,79,3,1,28,4,0.03,30.08,52.64
2476,2026-05-28,61,2,2,15,1,0.01,11.58,20.265
2477,2026-02-02,40,2,3,26,3,0.03,41.25,72.1875
2478,2026-01-01,29,2,2,12,2,0.01,13.16,23.03
2479,2026-08-22,28,2,1,27,4,0.04,31.96,55.93
2480,2026-05-08,67,1,2,18,2,0.04,154.64,270.62
2481,2026-02-05,41,3,2,11,4,0.03,23.0,40.25
2482,2026-05-27,31,2,2,4,1,0.01,95.35,138.2575
2483,2026-03-13,98,3,3,31,4,0.04,41.0,71.75
2484,2026-02-26,62,1,4,1,3,0.02,120.33,174.4785
2485,2026-01-13,51,1,3,28,4,0.03,30.08,52.64
2486,2026-05-29,73,1,3,6,1,0.02,1.54,2.233
2487,2026-01-27,93,2,2,25,4,0.01,50.6,88.55
2488,2026-04-08,83,3,1,5,2,0.02,308.5,447.325
2489,2026-07-21,79,3,3,25,3,0.01,37.95,66.4125
2490,2026-04-18,1,1,4,30,3,0.04,49.349999999999994,86.3625
2491,2026-07-17,66,1,4,6,3,0.04,4.62,6.699
2492,2026-03-31,29,1,2,21,2,0.01,4.5,7.875
2493,2026-06-30,62,3,2,14,4,0.02,33.8,59.14999999999999
2494,2026-04-29,29,2,3,34,2,0.01,19.78,34.615
2495,2026-03-26,78,3,4,21,4,0.02,9.0,15.75
2496,2026-06-19,42,1,4,1,2,0.01,80.22,116.31899999999999
2497,2026-03-18,36,1,2,16,2,0.04,108.3,189.525
2498,2026-01-20,16,1,1,30,4,0.03,65.8,115.14999999999999
2499,2026-06-18,16,1,1,30,1,0.02,16.45,28.787499999999998
2500,2026-07-13,73,2,2,8,1,0.01,2.25,3.2624999999999997
2501,2026-04-28,21,3,3,32,2,0.03,24.94,43.645
2502,2026-01-03,60,1,3,24,1,0.03,12.45,21.787499999999998
2503,2026-01-01,35,1,3,13,3,0.03,16.259999999999998,28.455
2504,2026-08-22,86,3,4,8,2,0.03,4.5,6.5249999999999995
2505,2026-02-23,91,1,3,21,4,0.03,9.0,15.75
2506,2026-02-07,72,3,1,25,3,0.04,37.95,66.4125
2507,2026-08-11,66,3,3,9,4,0.0,8.6,15.049999999999999
2508,2026-07-04,10,3,4,22,1,0.01,7.45,13.0375
2509,2026-03-24,69,1,4,29,4,0.01,34.08,59.64
2510,2026-04-10,65,3,1,11,1,0.0,5.75,10.0625
2511,2026-06-08,82,2,3,7,2,0.01,29.0,42.05
2512,2026-06-17,37,2,1,6,2,0.01,3.08,4.466
2513,2026-08-04,46,3,4,24,2,0.04,24.9,43.574999999999996
2514,2026-05-07,86,1,2,9,4,0.05,8.6,15.049999999999999
2515,2026-07-21,64,2,2,6,1,0.02,1.54,2.233
2516,2026-01-27,44,3,2,26,1,0.04,13.75,24.0625
2517,2026-05-22,52,3,4,8,4,0.03,9.0,13.049999999999999
2518,2026-06-23,83,2,3,8,2,0.0,4.5,6.5249999999999995
2519,2026-05-15,77,3,2,17,2,0.0,130.9,229.07500000000002
2520,2026-03-24,97,3,2,9,3,0.04,6.449999999999999,11.2875
2521,2026-06-19,1,3,3,2,1,0.02,68.15,98.81750000000001
2522,2026-07-27,28,3,1,19,3,0.0,13.620000000000001,23.835
2523,2026-05-05,93,2,2,22,4,0.04,29.8,52.15
2524,2026-06-05,75,3,1,26,2,0.01,27.5,48.125
2525,2026-08-24,78,2,2,18,3,0.02,231.95999999999998,405.93
2526,2026-06-20,98,1,3,5,1,0.05,154.25,223.6625
2527,2026-07-13,66,3,4,12,2,0.02,13.16,23.03
2528,2026-01-21,47,3,1,4,2,0.04,190.7,276.515
2529,2026-03-30,69,3,1,21,2,0.01,4.5,7.875
2530,2026-06-23,12,1,1,34,1,0.05,9.89,17.3075
2531,2026-03-09,24,2,1,6,4,0.01,6.16,8.932
2532,2026-01-20,42,2,2,25,2,0.01,25.3,44.275
2533,2026-03-09,18,2,4,12,2,0.02,13.16,23.03
2534,2026-02-04,78,3,1,16,3,0.03,162.45,284.2875
2535,2026-03-11,8,2,3,19,2,0.04,9.08,15.89
2536,2026-04-02,64,2,1,12,4,0.05,26.32,46.06
2537,2026-04-08,88,2,4,28,2,0.01,15.04,26.32
2538,2026-08-28,71,3,2,21,4,0.05,9.0,15.75
2539,2026-02-07,26,2,3,23,3,0.03,46.769999999999996,81.8475
2540,2026-03-13,56,2,4,6,4,0.04,6.16,8.932
2541,2026-04-28,84,2,2,11,3,0.02,17.25,30.1875
2542,2026-08-12,69,1,3,27,4,0.03,31.96,55.93
2543,2026-02-04,6,2,1,2,4,0.0,272.6,395.27000000000004
2544,2026-07-17,74,3,1,17,2,0.03,130.9,229.07500000000002
2545,2026-05-06,14,3,3,5,1,0.04,154.25,223.6625
2546,2026-06-10,27,2,2,7,1,0.02,14.5,21.025
2547,2026-07-28,50,1,2,27,1,0.04,7.99,13.9825
2548,2026-06-16,51,3,1,14,2,0.04,16.9,29.574999999999996
2549,2026-02-04,23,1,1,20,1,0.01,4.75,8.3125
2550,2026-01-24,36,3,4,28,2,0.04,15.04,26.32
2551,2026-04-04,68,3,3,9,3,0.04,6.449999999999999,11.2875
2552,2026-04-27,81,1,1,19,3,0.0,13.620000000000001,23.835
2553,2026-08-24,85,2,3,5,4,0.02,617.0,894.65
2554,2026-02-12,25,3,4,14,4,0.01,33.8,59.14999999999999
2555,2026-04-14,91,1,3,32,4,0.05,49.88,87.29
2556,2026-01-02,91,1,3,9,2,0.04,4.3,7.5249999999999995
2557,2026-03-10,34,1,4,33,2,0.03,22.5,39.375
2558,2026-07-16,76,1,3,24,1,0.02,12.45,21.787499999999998
2559,2026-06-10,24,1,3,33,4,0.02,45.0,78.75
2560,2026-08-15,38,2,4,15,1,0.04,11.58,20.265
2561,2026-01-19,43,1,4,13,4,0.01,21.68,37.94
2562,2026-05-02,17,3,4,2,1,0.01,68.15,98.81750000000001
2563,2026-05-13,90,2,2,21,2,0.0,4.5,7.875
2564,2026-08-31,15,3,4,27,3,0.04,23.97,41.9475
2565,2026-04-22,44,3,3,14,4,0.0,33.8,59.14999999999999
2566,2026-03-06,14,1,1,32,2,0.05,24.94,43.645
2567,2026-06-10,52,2,4,2,2,0.01,136.3,197.63500000000002
2568,2026-01-09,19,1,4,22,4,0.01,29.8,52.15
2569,2026-05-16,70,2,4,28,3,0.05,22.56,39.480000000000004
2570,2026-04-23,30,2,4,10,2,0.05,6.7,11.725
2571,2026-04-17,87,2,3,31,2,0.01,20.5,35.875
2572,2026-01-02,19,2,3,25,1,0.03,12.65,22.1375
2573,2026-05-02,51,1,2,26,1,0.04,13.75,24.0625
2574,2026-01-29,5,1,4,24,3,0.02,37.349999999999994,65.3625
2575,2026-01-13,67,3,3,4,3,0.0,286.04999999999995,414.7725
2576,2026-08-11,45,1,1,11,3,0.01,17.25,30.1875
2577,2026-06-13,22,3,4,18,2,0.01,154.64,270.62
2578,2026-06-09,50,2,2,14,3,0.02,25.349999999999998,44.3625
2579,2026-06-03,11,1,1,4,4,0.03,381.4,553.03
2580,2026-02-13,87,3,1,1,2,0.02,80.22,116.31899999999999
2581,2026-05-08,48,3,4,16,1,0.05,54.15,94.7625
2582,2026-07-14,84,3,2,3,3,0.01,225.71999999999997,327.294
2583,2026-08-21,97,3,2,34,4,0.03,39.56,69.23
2584,2026-08-17,72,2,3,14,2,0.04,16.9,29.574999999999996
2585,2026-06-15,4,1,4,17,3,0.04,196.35000000000002,343.6125
2586,2026-01-06,36,3,1,2,1,0.02,68.15,98.81750000000001
2587,2026-01-27,85,1,1,18,3,0.02,231.95999999999998,405.93
2588,2026-01-31,64,1,2,22,2,0.02,14.9,26.075
2589,2026-01-05,14,1,1,18,4,0.0,309.28,541.24
2590,2026-02-12,6,3,2,2,2,0.02,136.3,197.63500000000002
2591,2026-07-21,60,2,2,19,4,0.04,18.16,31.78
2592,2026-03-05,11,2,3,2,4,0.04,272.6,395.27000000000004
2593,2026-03-23,84,3,3,20,2,0.02,9.5,16.625
2594,2026-05-21,66,2,4,21,2,0.05,4.5,7.875
2595,2026-05-16,9,1,4,22,3,0.05,22.35,39.1125
2596,2026-06-23,70,3,1,21,3,0.01,6.75,11.8125
2597,2026-02-05,94,3,1,28,3,0.03,22.56,39.480000000000004
2598,2026-05-14,36,1,1,7,1,0.0,14.5,21.025
2599,2026-04-24,28,1,1,31,3,0.04,30.75,53.8125
2600,2026-03-07,33,2,4,17,3,0.01,196.35000000000002,343.6125
2601,2026-01-17,31,1,1,31,1,0.0,10.25,17.9375
2602,2026-03-27,92,2,2,20,2,0.01,9.5,16.625
2603,2026-03-28,90,3,2,17,3,0.01,196.35000000000002,343.6125
2604,2026-07-21,47,3,3,25,3,0.02,37.95,66.4125
2605,2026-02-27,34,1,3,23,2,0.04,31.18,54.565
2606,2026-08-10,37,1,2,25,2,0.04,25.3,44.275
2607,2026-06-15,29,3,4,12,3,0.02,19.740000000000002,34.545
2608,2026-02-04,10,3,3,20,2,0.03,9.5,16.625
2609,2026-06-09,57,1,3,3,4,0.04,300.96,436.39199999999994
2610,2026-08-08,39,1,1,14,2,0.01,16.9,29.574999999999996
2611,2026-05-23,57,1,3,33,4,0.01,45.0,78.75
2612,2026-04-13,59,2,3,33,3,0.04,33.75,59.0625
2613,2026-03-21,60,3,4,15,1,0.01,11.58,20.265
2614,2026-05-22,73,1,1,22,2,0.04,14.9,26.075
2615,2026-03-12,80,3,1,15,3,0.05,34.74,60.795
2616,2026-08-10,19,3,4,5,3,0.02,462.75,670.9875
2617,2026-07-08,23,1,2,25,2,0.02,25.3,44.275
2618,2026-02-24,99,3,4,33,4,0.01,45.0,78.75
2619,2026-05-22,26,2,3,9,4,0.0,8.6,15.049999999999999
2620,2026-03-14,39,3,3,25,4,0.02,50.6,88.55
2621,2026-06-22,3,3,2,22,3,0.04,22.35,39.1125
2622,2026-04-16,73,2,1,8,1,0.03,2.25,3.2624999999999997
2623,2026-01-06,45,1,4,5,3,0.05,462.75,670.9875
2624,2026-05-15,90,2,3,25,1,0.05,12.65,22.1375
2625,2026-04-20,37,3,3,13,3,0.03,16.259999999999998,28.455
2626,2026-08-08,46,3,3,30,1,0.02,16.45,28.787499999999998
2627,2026-05-02,64,1,3,18,1,0.01,77.32,135.31
2628,2026-08-27,42,1,2,31,2,0.03,20.5,35.875
2629,2026-07-24,46,3,1,5,3,0.05,462.75,670.9875
2630,2026-08-18,45,2,3,18,4,0.01,309.28,541.24
2631,2026-03-09,12,3,4,22,2,0.01,14.9,26.075
2632,2026-04-03,68,1,1,20,3,0.05,14.25,24.9375
2633,2026-02-12,59,2,2,12,4,0.04,26.32,46.06
2634,2026-08-14,57,3,3,13,3,0.01,16.259999999999998,28.455
2635,2026-04-13,56,1,1,11,3,0.03,17.25,30.1875
2636,2026-01-29,93,3,1,5,1,0.03,154.25,223.6625
2637,2026-06-16,68,2,2,22,3,0.05,22.35,39.1125
2638,2026-06-29,6,2,4,8,3,0.04,6.75,9.7875
2639,2026-06-25,63,1,1,27,2,0.05,15.98,27.965
2640,2026-08-18,98,3,2,26,1,0.01,13.75,24.0625
2641,2026-02-24,56,2,2,29,1,0.0,8.52,14.91
2642,2026-03-06,19,2,4,18,4,0.01,309.28,541.24
2643,2026-07-17,22,2,2,27,3,0.04,23.97,41.9475
2644,2026-07-11,23,2,4,20,3,0.0,14.25,24.9375
2645,2026-02-03,49,3,4,14,4,0.01,33.8,59.14999999999999
2646,2026-07-11,26,3,2,28,1,0.02,7.52,13.16
2647,2026-08-12,25,1,2,21,3,0.04,6.75,11.8125
2648,2026-02-20,23,2,4,29,2,0.02,17.04,29.82
2649,2026-03-17,24,2,4,1,2,0.02,80.22,116.31899999999999
2650,2026-07-28,45,3,2,9,2,0.01,4.3,7.5249999999999995
2651,2026-06-19,15,2,2,14,1,0.04,8.45,14.787499999999998
2652,2026-03-10,2,3,3,34,1,0.04,9.89,17.3075
2653,2026-07-30,29,3,3,4,2,0.04,190.7,276.515
2654,2026-04-25,3,2,2,1,2,0.01,80.22,116.31899999999999
2655,2026-01-23,45,1,3,3,3,0.01,225.71999999999997,327.294
2656,2026-05-01,17,1,3,13,2,0.05,10.84,18.97
2657,2026-03-26,86,2,1,20,4,0.04,19.0,33.25
2658,2026-06-02,15,1,1,4,1,0.01,95.35,138.2575
2659,2026-07-28,16,3,3,17,3,0.03,196.35000000000002,343.6125
2660,2026-04-03,34,2,3,22,4,0.05,29.8,52.15
2661,2026-06-26,8,1,2,34,2,0.01,19.78,34.615
2662,2026-04-27,47,2,1,29,4,0.03,34.08,59.64
2663,2026-01-13,6,1,3,8,3,0.02,6.75,9.7875
2664,2026-04-10,39,3,4,19,1,0.03,4.54,7.945
2665,2026-01-12,73,3,3,4,3,0.01,286.04999999999995,414.7725
2666,2026-03-12,90,2,4,20,4,0.03,19.0,33.25
2667,2026-01-17,85,3,2,20,4,0.03,19.0,33.25
2668,2026-03-06,21,3,3,25,3,0.03,37.95,66.4125
2669,2026-05-23,3,3,4,10,1,0.04,3.35,5.8625
2670,2026-01-12,10,3,1,20,4,0.04,19.0,33.25
2671,2026-07-29,26,2,3,7,2,0.03,29.0,42.05
2672,2026-08-01,41,1,2,21,4,0.01,9.0,15.75
2673,2026-03-18,84,2,2,15,1,0.0,11.58,20.265
2674,2026-08-31,11,2,1,28,3,0.02,22.56,39.480000000000004
2675,2026-02-13,43,3,4,27,4,0.03,31.96,55.93
2676,2026-04-24,2,1,2,23,2,0.04,31.18,54.565
2677,2026-03-09,68,2,2,3,3,0.01,225.71999999999997,327.294
2678,2026-08-01,42,2,3,14,1,0.02,8.45,14.787499999999998
2679,2026-08-25,19,1,4,31,3,0.03,30.75,53.8125
2680,2026-05-16,49,1,4,24,1,0.03,12.45,21.787499999999998
2681,2026-08-25,23,2,1,34,2,0.0,19.78,34.615
2682,2026-05-25,38,1,1,27,1,0.04,7.99,13.9825
2683,2026-07-03,98,2,3,24,1,0.01,12.45,21.787499999999998
2684,2026-01-28,58,3,1,9,1,0.02,2.15,3.7624999999999997
2685,2026-06-09,72,3,4,5,1,0.03,154.25,223.6625
2686,2026-05-27,83,3,4,33,1,0.03,11.25,19.6875
2687,2026-04-17,23,2,1,8,2,0.03,4.5,6.5249999999999995
2688,2026-05-12,2,3,1,16,2,0.02,108.3,189.525
2689,2026-02-03,55,2,4,13,3,0.02,16.259999999999998,28.455
2690,2026-03-09,26,3,3,11,1,0.03,5.75,10.0625
2691,2026-02-19,25,3,3,5,4,0.01,617.0,894.65
2692,2026-03-20,89,3,3,10,1,0.02,3.35,5.8625
2693,2026-05-20,94,1,3,8,1,0.03,2.25,3.2624999999999997
2694,2026-06-16,26,2,4,13,2,0.03,10.84,18.97
2695,2026-04-01,12,2,3,5,1,0.03,154.25,223.6625
2696,2026-04-08,84,3,1,23,2,0.04,31.18,54.565
2697,2026-06-13,79,1,1,5,2,0.03,308.5,447.325
2698,2026-07-15,50,3,2,34,2,0.01,19.78,34.615
2699,2026-03-18,55,2,2,27,2,0.02,15.98,27.965
2700,2026-02-27,12,1,1,8,4,0.01,9.0,13.049999999999999
2701,2026-01-21,21,2,4,24,4,0.03,49.8,87.14999999999999
2702,2026-07-11,57,1,2,16,4,0.05,216.6,379.05
2703,2026-06-30,77,2,4,31,4,0.02,41.0,71.75
2704,2026-03-31,16,3,3,27,1,0.0,7.99,13.9825
2705,2026-05-05,47,1,3,34,3,0.01,29.67,51.9225
2706,2026-05-20,61,1,1,22,1,0.02,7.45,13.0375
2707,2026-08-21,90,3,1,24,3,0.04,37.349999999999994,65.3625
2708,2026-08-21,5,1,1,14,2,0.02,16.9,29.574999999999996
2709,2026-07-24,12,3,1,26,4,0.05,55.0,96.25
2710,2026-02-09,70,1,4,4,1,0.03,95.35,138.2575
2711,2026-05-18,45,3,3,28,4,0.01,30.08,52.64
2712,2026-05-13,44,3,1,6,3,0.03,4.62,6.699
2713,2026-08-06,3,2,4,8,2,0.02,4.5,6.5249999999999995
2714,2026-06-10,70,2,3,11,1,0.04,5.75,10.0625
2715,2026-08-19,17,3,3,1,4,0.03,160.44,232.63799999999998
2716,2026-08-26,24,1,3,1,4,0.02,160.44,232.63799999999998
2717,2026-01-06,34,2,2,27,1,0.03,7.99,13.9825
2718,2026-07-31,28,1,2,14,1,0.01,8.45,14.787499999999998
2719,2026-06-02,86,1,4,5,3,0.05,462.75,670.9875
2720,2026-08-04,29,2,2,2,2,0.01,136.3,197.63500000000002
2721,2026-02-17,96,3,4,26,2,0.01,27.5,48.125
2722,2026-02-03,44,2,1,23,1,0.04,15.59,27.2825
2723,2026-01-19,78,2,3,8,1,0.05,2.25,3.2624999999999997
2724,2026-05-07,2,1,4,18,4,0.04,309.28,541.24
2725,2026-06-01,84,1,4,21,4,0.05,9.0,15.75
2726,2026-03-07,80,3,4,17,4,0.03,261.8,458.15000000000003
2727,2026-07-13,50,1,4,17,4,0.01,261.8,458.15000000000003
2728,2026-07-07,37,3,1,1,3,0.02,120.33,174.4785
2729,2026-08-25,71,2,1,19,3,0.0,13.620000000000001,23.835
2730,2026-08-05,18,2,4,19,1,0.02,4.54,7.945
2731,2026-08-28,59,3,1,29,3,0.02,25.56,44.730000000000004
2732,2026-05-22,65,2,4,2,3,0.04,204.45000000000002,296.45250000000004
2733,2026-01-19,1,2,4,25,4,0.04,50.6,88.55
2734,2026-03-31,70,3,2,19,1,0.03,4.54,7.945
2735,2026-08-28,91,2,3,8,3,0.05,6.75,9.7875
2736,2026-05-16,23,3,2,7,3,0.02,43.5,63.074999999999996
2737,2026-02-27,93,2,3,5,4,0.0,617.0,894.65
2738,2026-06-20,84,2,1,2,4,0.02,272.6,395.27000000000004
2739,2026-03-25,58,3,4,5,1,0.0,154.25,223.6625
2740,2026-07-15,83,3,1,16,1,0.01,54.15,94.7625
2741,2026-03-04,76,2,2,5,1,0.05,154.25,223.6625
2742,2026-01-16,25,3,2,13,1,0.01,5.42,9.485
2743,2026-01-14,97,3,3,21,3,0.05,6.75,11.8125
2744,2026-07-01,5,1,3,33,3,0.02,33.75,59.0625
2745,2026-01-06,65,3,1,23,4,0.02,62.36,109.13
2746,2026-08-28,95,1,2,18,1,0.01,77.32,135.31
2747,2026-03-07,22,2,1,27,2,0.03,15.98,27.965
2748,2026-02-18,61,2,2,30,3,0.0,49.349999999999994,86.3625
2749,2026-05-18,52,1,2,11,1,0.02,5.75,10.0625
2750,2026-08-04,88,1,2,32,3,0.04,37.410000000000004,65.4675
2751,2026-04-30,59,3,3,26,4,0.05,55.0,96.25
2752,2026-06-06,56,2,2,27,3,0.04,23.97,41.9475
2753,2026-06-26,67,2,3,6,1,0.01,1.54,2.233
2754,2026-07-27,30,2,3,31,4,0.02,41.0,71.75
2755,2026-07-06,24,1,4,10,4,0.02,13.4,23.45
2756,2026-01-17,26,2,2,9,3,0.02,6.449999999999999,11.2875
2757,2026-01-10,69,3,1,34,4,0.03,39.56,69.23
2758,2026-01-13,91,2,2,33,3,0.01,33.75,59.0625
2759,2026-05-25,4,2,2,25,2,0.02,25.3,44.275
2760,2026-04-13,57,3,3,3,4,0.01,300.96,436.39199999999994
2761,2026-05-26,90,1,4,29,4,0.04,34.08,59.64
2762,2026-03-21,81,1,3,29,3,0.04,25.56,44.730000000000004
2763,2026-02-18,71,2,2,12,4,0.03,26.32,46.06
2764,2026-07-08,43,2,3,28,4,0.04,30.08,52.64
2765,2026-05-06,73,1,2,10,4,0.01,13.4,23.45
2766,2026-07-03,64,2,2,6,3,0.05,4.62,6.699
2767,2026-08-13,60,3,1,33,4,0.03,45.0,78.75
2768,2026-03-07,1,1,1,26,1,0.02,13.75,24.0625
2769,2026-03-21,38,1,4,10,3,0.0,10.05,17.5875
2770,2026-07-23,85,2,2,5,1,0.04,154.25,223.6625
2771,2026-08-31,81,1,4,14,3,0.04,25.349999999999998,44.3625
2772,2026-02-02,43,3,4,16,1,0.01,54.15,94.7625
2773,2026-01-07,1,2,2,23,1,0.03,15.59,27.2825
2774,2026-07-06,31,3,1,15,1,0.04,11.58,20.265
2775,2026-08-29,82,1,1,2,1,0.0,68.15,98.81750000000001
2776,2026-05-09,26,3,1,16,3,0.03,162.45,284.2875
2777,2026-02-12,62,3,3,4,3,0.0,286.04999999999995,414.7725
2778,2026-04-29,92,3,2,27,1,0.02,7.99,13.9825
2779,2026-02-21,78,2,3,20,4,0.05,19.0,33.25
2780,2026-01-02,20,2,1,11,2,0.03,11.5,20.125
2781,2026-07-30,59,2,1,5,3,0.02,462.75,670.9875
2782,2026-04-10,49,3,3,19,2,0.03,9.08,15.89
2783,2026-01-12,13,3,4,32,3,0.03,37.410000000000004,65.4675
2784,2026-04-07,78,1,3,3,2,0.01,150.48,218.19599999999997
2785,2026-06-05,60,2,1,20,2,0.02,9.5,16.625
2786,2026-05-29,40,1,3,4,2,0.04,190.7,276.515
2787,2026-02-05,29,3,3,14,1,0.04,8.45,14.787499999999998
2788,2026-04-30,91,2,2,4,1,0.05,95.35,138.2575
2789,2026-05-21,79,2,2,6,4,0.0,6.16,8.932
2790,2026-07-25,71,2,4,4,3,0.03,286.04999999999995,414.7725
2791,2026-03-18,12,2,4,3,4,0.01,300.96,436.39199999999994
2792,2026-06-15,42,3,4,25,1,0.02,12.65,22.1375
2793,2026-06-25,51,2,4,25,4,0.01,50.6,88.55
2794,2026-08-05,56,3,1,20,3,0.01,14.25,24.9375
2795,2026-05-29,41,3,2,9,2,0.0,4.3,7.5249999999999995
2796,2026-06-24,25,1,1,21,4,0.0,9.0,15.75
2797,2026-04-06,53,3,4,13,1,0.05,5.42,9.485
2798,2026-04-09,13,2,3,17,4,0.03,261.8,458.15000000000003
2799,2026-01-19,92,2,1,3,4,0.04,300.96,436.39199999999994
2800,2026-04-21,13,3,4,23,4,0.04,62.36,109.13
2801,2026-03-19,41,1,3,7,2,0.02,29.0,42.05
2802,2026-05-25,14,1,3,14,1,0.04,8.45,14.787499999999998
2803,2026-01-16,98,3,1,23,1,0.01,15.59,27.2825
2804,2026-06-03,38,3,2,25,3,0.03,37.95,66.4125
2805,2026-08-08,15,2,3,19,4,0.01,18.16,31.78
2806,2026-03-03,78,2,2,11,2,0.05,11.5,20.125
2807,2026-04-20,8,2,1,10,1,0.03,3.35,5.8625
2808,2026-02-09,53,2,4,2,3,0.02,204.45000000000002,296.45250000000004
2809,2026-04-03,96,1,3,29,1,0.04,8.52,14.91
2810,2026-03-02,10,2,4,31,3,0.04,30.75,53.8125
2811,2026-01-03,96,3,4,17,1,0.04,65.45,114.53750000000001
2812,2026-04-13,62,2,1,5,3,0.02,462.75,670.9875
2813,2026-03-27,31,2,3,31,4,0.04,41.0,71.75
2814,2026-08-25,99,1,2,20,1,0.01,4.75,8.3125
2815,2026-07-11,15,2,4,20,4,0.02,19.0,33.25
2816,2026-08-19,30,1,3,22,4,0.04,29.8,52.15
2817,2026-02-16,31,3,2,12,4,0.02,26.32,46.06
2818,2026-08-01,32,3,3,29,4,0.05,34.08,59.64
2819,2026-08-19,6,3,2,8,4,0.04,9.0,13.049999999999999
2820,2026-07-28,65,2,1,11,2,0.05,11.5,20.125
2821,2026-08-15,75,1,2,20,1,0.05,4.75,8.3125
2822,2026-04-01,4,3,4,11,2,0.03,11.5,20.125
2823,2026-06-30,73,2,2,14,3,0.04,25.349999999999998,44.3625
2824,2026-06-13,56,2,4,12,2,0.01,13.16,23.03
2825,2026-06-24,36,1,2,25,4,0.01,50.6,88.55
2826,2026-03-07,24,2,1,9,1,0.04,2.15,3.7624999999999997
2827,2026-01-19,46,3,2,10,2,0.02,6.7,11.725
2828,2026-04-07,47,3,3,10,3,0.04,10.05,17.5875
2829,2026-01-09,53,2,1,33,4,0.03,45.0,78.75
2830,2026-08-08,78,2,2,32,2,0.0,24.94,43.645
2831,2026-08-17,78,2,3,28,3,0.02,22.56,39.480000000000004
2832,2026-07-07,2,2,4,9,3,0.02,6.449999999999999,11.2875
2833,2026-05-08,91,3,3,3,4,0.03,300.96,436.39199999999994
2834,2026-07-07,30,2,2,26,3,0.01,41.25,72.1875
2835,2026-06-19,27,3,2,20,2,0.03,9.5,16.625
2836,2026-06-05,45,3,3,16,3,0.05,162.45,284.2875
2837,2026-04-01,65,2,2,25,3,0.02,37.95,66.4125
2838,2026-04-06,33,3,3,7,2,0.04,29.0,42.05
2839,2026-07-16,92,2,3,10,4,0.0,13.4,23.45
2840,2026-08-21,62,3,3,8,2,0.03,4.5,6.5249999999999995
2841,2026-07-20,59,2,1,34,2,0.02,19.78,34.615
2842,2026-03-11,33,3,1,4,3,0.0,286.04999999999995,414.7725
2843,2026-06-27,58,2,1,17,4,0.02,261.8,458.15000000000003
2844,2026-02-25,4,3,1,28,1,0.05,7.52,13.16
2845,2026-04-18,56,1,2,30,1,0.01,16.45,28.787499999999998
2846,2026-07-02,28,1,4,28,1,0.01,7.52,13.16
2847,2026-06-24,71,2,1,5,1,0.03,154.25,223.6625
2848,2026-06-01,79,3,1,2,4,0.04,272.6,395.27000000000004
2849,2026-07-07,40,1,1,4,2,0.01,190.7,276.515
2850,2026-01-27,9,2,2,34,1,0.02,9.89,17.3075
2851,2026-03-11,74,3,3,1,1,0.03,40.11,58.159499999999994
2852,2026-01-05,77,3,1,8,1,0.01,2.25,3.2624999999999997
2853,2026-04-06,25,1,2,31,4,0.02,41.0,71.75
2854,2026-07-01,50,2,1,7,4,0.02,58.0,84.1
2855,2026-04-10,48,2,2,18,4,0.02,309.28,541.24
2856,2026-04-18,3,2,3,25,1,0.04,12.65,22.1375
2857,2026-05-29,99,3,1,28,3,0.02,22.56,39.480000000000004
2858,2026-07-14,70,2,1,13,4,0.05,21.68,37.94
2859,2026-08-15,24,3,3,3,3,0.04,225.71999999999997,327.294
2860,2026-03-25,20,3,3,14,3,0.01,25.349999999999998,44.3625
2861,2026-07-01,33,1,1,19,1,0.02,4.54,7.945
2862,2026-01-10,72,3,4,5,2,0.04,308.5,447.325
2863,2026-07-31,13,2,3,18,3,0.01,231.95999999999998,405.93
2864,2026-07-31,91,2,4,33,2,0.03,22.5,39.375
2865,2026-06-25,29,2,3,27,4,0.05,31.96,55.93
2866,2026-03-12,17,2,2,20,4,0.0,19.0,33.25
2867,2026-04-28,8,1,3,32,2,0.03,24.94,43.645
2868,2026-01-12,99,2,3,28,1,0.03,7.52,13.16
2869,2026-07-02,18,3,2,29,1,0.03,8.52,14.91
2870,2026-04-01,79,3,3,11,4,0.05,23.0,40.25
2871,2026-07-11,66,2,3,29,1,0.03,8.52,14.91
2872,2026-07-20,56,2,1,17,2,0.04,130.9,229.07500000000002
2873,2026-06-23,84,1,1,32,1,0.0,12.47,21.8225
2874,2026-04-27,75,2,2,6,1,0.05,1.54,2.233
2875,2026-06-20,31,3,2,8,3,0.04,6.75,9.7875
2876,2026-07-07,95,2,4,17,1,0.04,65.45,114.53750000000001
2877,2026-07-20,38,3,1,24,1,0.0,12.45,21.787499999999998
2878,2026-04-07,47,1,1,30,3,0.02,49.349999999999994,86.3625
2879,2026-08-31,14,2,4,3,3,0.02,225.71999999999997,327.294
2880,2026-08-28,25,2,2,25,4,0.02,50.6,88.55
2881,2026-08-05,77,1,2,9,3,0.02,6.449999999999999,11.2875
2882,2026-03-24,36,2,2,33,2,0.03,22.5,39.375
2883,2026-03-06,32,2,4,19,2,0.01,9.08,15.89
2884,2026-01-13,45,1,2,11,3,0.01,17.25,30.1875
2885,2026-03-12,81,3,1,6,3,0.01,4.62,6.699
2886,2026-06-26,26,3,3,6,2,0.03,3.08,4.466
2887,2026-05-07,74,3,1,17,1,0.03,65.45,114.53750000000001
2888,2026-01-30,42,2,3,28,1,0.04,7.52,13.16
2889,2026-01-26,37,2,1,14,3,0.02,25.349999999999998,44.3625
2890,2026-07-27,55,3,3,4,1,0.01,95.35,138.2575
2891,2026-07-15,76,2,4,11,1,0.04,5.75,10.0625
2892,2026-04-30,70,3,4,26,2,0.03,27.5,48.125
2893,2026-01-14,98,2,2,24,4,0.03,49.8,87.14999999999999
2894,2026-04-17,65,1,1,33,3,0.01,33.75,59.0625
2895,2026-04-16,38,2,4,14,3,0.0,25.349999999999998,44.3625
2896,2026-05-30,10,3,3,10,3,0.03,10.05,17.5875
2897,2026-02-24,15,3,1,24,3,0.04,37.349999999999994,65.3625
2898,2026-05-14,69,3,1,23,1,0.02,15.59,27.2825
2899,2026-07-13,79,2,4,30,2,0.03,32.9,57.574999999999996
2900,2026-04-24,31,3,1,30,3,0.05,49.349999999999994,86.3625
2901,2026-05-09,44,1,2,21,2,0.03,4.5,7.875
2902,2026-04-21,15,1,2,23,4,0.03,62.36,109.13
2903,2026-03-21,89,2,1,34,4,0.03,39.56,69.23
2904,2026-03-31,54,3,1,7,3,0.02,43.5,63.074999999999996
2905,2026-01-31,21,3,2,32,3,0.03,37.410000000000004,65.4675
2906,2026-07-23,15,3,1,19,1,0.03,4.54,7.945
2907,2026-07-02,27,1,1,9,2,0.05,4.3,7.5249999999999995
2908,2026-08-06,28,3,1,25,2,0.03,25.3,44.275
2909,2026-07-20,16,3,3,13,3,0.0,16.259999999999998,28.455
2910,2026-02-25,6,2,2,23,2,0.01,31.18,54.565
2911,2026-05-09,23,3,3,6,3,0.04,4.62,6.699
2912,2026-02-06,62,3,1,8,2,0.04,4.5,6.5249999999999995
2913,2026-08-15,33,2,1,12,3,0.0,19.740000000000002,34.545
2914,2026-05-02,37,3,2,21,4,0.02,9.0,15.75
2915,2026-07-16,39,3,3,25,1,0.02,12.65,22.1375
2916,2026-03-12,22,1,2,33,4,0.04,45.0,78.75
2917,2026-06-27,64,1,3,28,2,0.01,15.04,26.32
2918,2026-02-06,6,1,1,17,2,0.02,130.9,229.07500000000002
2919,2026-04-30,63,3,1,3,1,0.02,75.24,109.09799999999998
2920,2026-04-10,8,1,1,22,3,0.02,22.35,39.1125
2921,2026-06-02,95,3,4,24,4,0.04,49.8,87.14999999999999
2922,2026-01-14,43,2,3,1,4,0.03,160.44,232.63799999999998
2923,2026-02-02,90,2,2,26,4,0.04,55.0,96.25
2924,2026-01-10,2,3,2,17,4,0.04,261.8,458.15000000000003
2925,2026-05-05,92,3,2,17,3,0.04,196.35000000000002,343.6125
2926,2026-04-11,30,2,4,31,1,0.01,10.25,17.9375
2927,2026-06-05,92,2,4,8,4,0.02,9.0,13.049999999999999
2928,2026-07-30,83,1,3,12,2,0.04,13.16,23.03
2929,2026-01-13,5,3,2,32,3,0.01,37.410000000000004,65.4675
2930,2026-08-08,2,2,3,2,2,0.01,136.3,197.63500000000002
2931,2026-04-07,78,2,4,13,3,0.01,16.259999999999998,28.455
2932,2026-04-30,15,1,4,31,1,0.04,10.25,17.9375
2933,2026-04-23,40,1,4,31,3,0.04,30.75,53.8125
2934,2026-02-04,15,3,4,29,1,0.01,8.52,14.91
2935,2026-05-09,7,2,3,23,3,0.04,46.769999999999996,81.8475
2936,2026-05-19,79,2,2,6,3,0.05,4.62,6.699
2937,2026-03-19,95,2,1,3,4,0.0,300.96,436.39199999999994
2938,2026-03-02,14,2,1,10,4,0.03,13.4,23.45
2939,2026-01-07,86,1,1,1,3,0.03,120.33,174.4785
2940,2026-03-20,81,1,3,2,4,0.02,272.6,395.27000000000004
2941,2026-06-19,42,1,2,6,2,0.03,3.08,4.466
2942,2026-01-17,84,3,1,27,2,0.01,15.98,27.965
2943,2026-02-25,70,1,1,17,2,0.02,130.9,229.07500000000002
2944,2026-03-19,47,2,4,6,1,0.02,1.54,2.233
2945,2026-05-29,18,1,3,31,4,0.01,41.0,71.75
2946,2026-02-19,84,2,2,14,4,0.04,33.8,59.14999999999999
2947,2026-07-27,61,3,1,18,3,0.01,231.95999999999998,405.93
2948,2026-07-11,90,3,1,2,4,0.02,272.6,395.27000000000004
2949,2026-07-06,15,2,1,10,1,0.01,3.35,5.8625
2950,2026-06-18,32,1,1,15,1,0.03,11.58,20.265
2951,2026-06-18,33,3,1,24,4,0.01,49.8,87.14999999999999
2952,2026-06-20,23,2,2,23,1,0.0,15.59,27.2825
2953,2026-03-07,90,2,3,15,4,0.04,46.32,81.06
2954,2026-08-27,92,3,3,26,3,0.05,41.25,72.1875
2955,2026-08-21,25,1,1,7,1,0.02,14.5,21.025
2956,2026-04-23,78,2,1,4,4,0.01,381.4,553.03
2957,2026-02-05,65,1,3,10,1,0.03,3.35,5.8625
2958,2026-07-03,91,2,4,28,3,0.05,22.56,39.480000000000004
2959,2026-04-09,71,3,2,28,1,0.04,7.52,13.16
2960,2026-04-14,92,1,1,12,4,0.03,26.32,46.06
2961,2026-07-22,11,1,2,34,4,0.03,39.56,69.23
2962,2026-02-21,1,2,3,24,1,0.02,12.45,21.787499999999998
2963,2026-02-24,36,2,2,28,3,0.04,22.56,39.480000000000004
2964,2026-05-14,74,3,1,10,4,0.03,13.4,23.45
2965,2026-05-18,62,1,3,13,4,0.03,21.68,37.94
2966,2026-08-11,44,2,4,5,3,0.01,462.75,670.9875
2967,2026-03-16,94,2,3,5,1,0.01,154.25,223.6625
2968,2026-03-03,32,3,4,25,3,0.03,37.95,66.4125
2969,2026-08-18,2,3,2,26,4,0.0,55.0,96.25
2970,2026-06-10,43,3,3,10,1,0.03,3.35,5.8625
2971,2026-06-19,41,2,4,26,2,0.0,27.5,48.125
2972,2026-08-24,30,3,3,12,3,0.04,19.740000000000002,34.545
2973,2026-02-19,34,3,4,28,2,0.01,15.04,26.32
2974,2026-01-17,83,3,3,12,1,0.03,6.58,11.515
2975,2026-01-16,90,3,3,10,2,0.01,6.7,11.725
2976,2026-01-15,70,3,3,21,4,0.03,9.0,15.75
2977,2026-02-13,4,3,1,16,3,0.01,162.45,284.2875
2978,2026-01-15,37,2,3,22,2,0.05,14.9,26.075
2979,2026-07-16,35,3,2,33,1,0.05,11.25,19.6875
2980,2026-04-23,8,3,1,13,2,0.04,10.84,18.97
2981,2026-03-18,75,1,4,32,2,0.02,24.94,43.645
2982,2026-07-30,54,2,1,30,3,0.04,49.349999999999994,86.3625
2983,2026-03-23,29,1,4,8,4,0.02,9.0,13.049999999999999
2984,2026-04-04,11,2,3,22,1,0.03,7.45,13.0375
2985,2026-03-30,85,2,2,9,2,0.04,4.3,7.5249999999999995
2986,2026-05-14,47,1,4,28,3,0.04,22.56,39.480000000000004
2987,2026-02-19,58,1,2,8,1,0.05,2.25,3.2624999999999997
2988,2026-01-16,53,2,1,7,3,0.04,43.5,63.074999999999996
2989,2026-02-21,37,2,2,14,2,0.03,16.9,29.574999999999996
2990,2026-01-15,84,2,3,2,3,0.03,204.45000000000002,296.45250000000004
2991,2026-08-25,61,1,1,12,2,0.01,13.16,23.03
2992,2026-08-05,57,1,3,5,3,0.0,462.75,670.9875
2993,2026-02-12,57,2,4,10,1,0.0,3.35,5.8625
2994,2026-05-15,42,3,2,34,3,0.04,29.67,51.9225
2995,2026-03-12,69,3,2,32,3,0.04,37.410000000000004,65.4675
2996,2026-08-13,13,3,4,20,1,0.02,4.75,8.3125
2997,2026-03-20,7,2,1,8,2,0.04,4.5,6.5249999999999995
2998,2026-05-26,5,3,2,13,1,0.04,5.42,9.485
2999,2026-07-14,55,2,4,23,2,0.03,31.18,54.565
3000,2026-02-23,70,3,2,6,4,0.0,6.16,8.932
3001,2026-04-03,93,3,4,12,4,0.01,26.32,46.06
3002,2026-07-13,86,1,4,4,4,0.05,381.4,553.03
3003,2026-01-21,33,2,4,28,3,0.03,22.56,39.480000000000004
3004,2026-08-26,20,2,3,34,1,0.03,9.89,17.3075
3005,2026-03-30,30,1,1,5,1,0.03,154.25,223.6625
3006,2026-01-01,44,2,4,6,2,0.05,3.08,4.466
3007,2026-03-03,51,3,3,2,1,0.04,68.15,98.81750000000001
3008,2026-06-24,90,2,2,10,2,0.03,6.7,11.725
3009,2026-01-08,74,1,4,14,4,0.01,33.8,59.14999999999999
3010,2026-01-28,93,2,2,29,1,0.05,8.52,14.91
3011,2026-02-13,83,2,1,11,2,0.03,11.5,20.125
3012,2026-02-25,18,2,3,3,2,0.05,150.48,218.19599999999997
3013,2026-06-27,19,2,4,16,2,0.02,108.3,189.525
3014,2026-07-30,81,1,2,4,2,0.05,190.7,276.515
3015,2026-02-07,4,1,2,20,1,0.03,4.75,8.3125
3016,2026-02-05,68,2,2,33,1,0.0,11.25,19.6875
3017,2026-05-26,55,2,3,30,2,0.0,32.9,57.574999999999996
3018,2026-07-14,54,2,3,16,1,0.04,54.15,94.7625
3019,2026-08-29,96,2,4,1,4,0.01,160.44,232.63799999999998
3020,2026-07-28,59,2,1,1,2,0.03,80.22,116.31899999999999
3021,2026-05-08,52,3,2,11,2,0.04,11.5,20.125
3022,2026-05-08,36,2,4,21,3,0.03,6.75,11.8125
3023,2026-07-16,90,1,3,27,2,0.05,15.98,27.965
3024,2026-08-19,5,3,3,13,2,0.01,10.84,18.97
3025,2026-01-10,14,1,3,7,2,0.01,29.0,42.05
3026,2026-08-08,42,1,1,2,1,0.03,68.15,98.81750000000001
3027,2026-06-23,98,3,4,27,3,0.04,23.97,41.9475
3028,2026-02-27,86,3,4,4,2,0.04,190.7,276.515
3029,2026-01-22,16,1,1,17,4,0.04,261.8,458.15000000000003
3030,2026-04-03,56,2,4,11,2,0.01,11.5,20.125
3031,2026-08-29,69,3,1,9,1,0.0,2.15,3.7624999999999997
3032,2026-02-19,36,2,2,12,1,0.02,6.58,11.515
3033,2026-07-31,2,2,1,8,3,0.02,6.75,9.7875
3034,2026-01-06,10,1,3,25,2,0.01,25.3,44.275
3035,2026-02-07,39,2,1,3,3,0.02,225.71999999999997,327.294
3036,2026-08-22,10,2,2,22,4,0.05,29.8,52.15
3037,2026-06-11,3,2,3,25,1,0.0,12.65,22.1375
3038,2026-04-17,41,1,4,23,4,0.02,62.36,109.13
3039,2026-08-13,58,3,2,13,2,0.01,10.84,18.97
3040,2026-06-27,4,2,1,25,4,0.05,50.6,88.55
3041,2026-06-09,71,1,2,33,3,0.04,33.75,59.0625
3042,2026-02-18,63,1,3,31,2,0.01,20.5,35.875
3043,2026-05-09,94,1,2,13,3,0.04,16.259999999999998,28.455
3044,2026-02-20,20,1,3,32,4,0.04,49.88,87.29
3045,2026-06-20,19,1,3,28,3,0.01,22.56,39.480000000000004
3046,2026-01-23,23,2,1,21,2,0.04,4.5,7.875
3047,2026-01-07,17,2,2,8,2,0.04,4.5,6.5249999999999995
3048,2026-07-28,68,2,1,24,1,0.01,12.45,21.787499999999998
3049,2026-03-19,17,2,4,33,2,0.03,22.5,39.375
3050,2026-05-22,91,1,4,24,1,0.03,12.45,21.787499999999998
3051,2026-01-29,73,2,4,9,4,0.02,8.6,15.049999999999999
3052,2026-06-30,11,2,4,14,3,0.02,25.349999999999998,44.3625
3053,2026-07-23,22,3,3,11,3,0.0,17.25,30.1875
3054,2026-03-28,49,2,2,27,1,0.05,7.99,13.9825
3055,2026-08-29,83,2,2,10,3,0.01,10.05,17.5875
3056,2026-05-08,68,3,1,15,3,0.04,34.74,60.795
3057,2026-04-30,54,1,1,24,1,0.01,12.45,21.787499999999998
3058,2026-08-15,18,2,1,15,2,0.02,23.16,40.53
3059,2026-04-30,5,1,2,15,1,0.02,11.58,20.265
3060,2026-08-14,12,3,3,18,2,0.03,154.64,270.62
3061,2026-08-06,2,3,3,11,4,0.04,23.0,40.25
3062,2026-02-11,68,2,4,34,3,0.02,29.67,51.9225
3063,2026-07-03,52,2,2,1,1,0.04,40.11,58.159499999999994
3064,2026-08-15,90,3,2,1,2,0.02,80.22,116.31899999999999
3065,2026-06-11,13,2,2,15,2,0.04,23.16,40.53
3066,2026-03-05,78,1,3,14,3,0.02,25.349999999999998,44.3625
3067,2026-01-19,57,2,4,8,3,0.01,6.75,9.7875
3068,2026-04-21,66,1,2,24,3,0.04,37.349999999999994,65.3625
3069,2026-08-14,64,1,3,29,1,0.03,8.52,14.91
3070,2026-01-10,21,1,3,12,1,0.04,6.58,11.515
3071,2026-06-01,7,1,2,13,2,0.0,10.84,18.97
3072,2026-02-16,22,3,4,21,2,0.02,4.5,7.875
3073,2026-08-14,13,3,3,24,3,0.03,37.349999999999994,65.3625
3074,2026-05-05,42,3,2,12,3,0.0,19.740000000000002,34.545
3075,2026-03-09,20,1,2,12,3,0.05,19.740000000000002,34.545
3076,2026-04-01,17,3,2,2,2,0.04,136.3,197.63500000000002
3077,2026-07-27,54,3,1,3,4,0.01,300.96,436.39199999999994
3078,2026-04-10,68,1,2,19,3,0.01,13.620000000000001,23.835
3079,2026-05-16,39,3,4,34,3,0.01,29.67,51.9225
3080,2026-07-02,72,3,2,12,2,0.05,13.16,23.03
3081,2026-06-04,2,3,1,26,1,0.04,13.75,24.0625
3082,2026-07-29,78,1,4,21,1,0.05,2.25,3.9375
3083,2026-05-25,54,3,4,16,3,0.01,162.45,284.2875
3084,2026-07-20,50,1,4,10,1,0.0,3.35,5.8625
3085,2026-01-12,63,3,4,7,2,0.05,29.0,42.05
3086,2026-07-30,18,1,2,7,4,0.02,58.0,84.1
3087,2026-03-21,29,2,4,5,3,0.04,462.75,670.9875
3088,2026-02-12,87,3,2,24,3,0.03,37.349999999999994,65.3625
3089,2026-01-23,42,2,1,25,3,0.03,37.95,66.4125
3090,2026-01-02,93,2,3,22,2,0.0,14.9,26.075
3091,2026-01-24,7,1,2,13,3,0.04,16.259999999999998,28.455
3092,2026-06-10,46,2,4,17,1,0.04,65.45,114.53750000000001
3093,2026-01-16,65,2,1,16,4,0.04,216.6,379.05
3094,2026-08-10,43,2,2,20,2,0.01,9.5,16.625
3095,2026-01-28,73,1,2,29,3,0.04,25.56,44.730000000000004
3096,2026-07-03,58,2,2,26,3,0.05,41.25,72.1875
3097,2026-05-18,77,2,1,16,3,0.04,162.45,284.2875
3098,2026-05-27,40,1,3,24,3,0.02,37.349999999999994,65.3625
3099,2026-07-01,65,3,3,4,1,0.02,95.35,138.2575
3100,2026-04-07,83,3,4,11,1,0.03,5.75,10.0625
3101,2026-07-04,55,3,2,32,3,0.04,37.410000000000004,65.4675
3102,2026-03-16,19,1,2,3,3,0.05,225.71999999999997,327.294
3103,2026-06-25,58,1,4,7,2,0.02,29.0,42.05
3104,2026-07-28,63,3,1,21,1,0.01,2.25,3.9375
3105,2026-04-08,79,2,2,19,1,0.0,4.54,7.945
3106,2026-01-22,46,2,3,23,1,0.03,15.59,27.2825
3107,2026-07-18,16,3,1,11,4,0.03,23.0,40.25
3108,2026-06-08,9,3,3,25,1,0.02,12.65,22.1375
3109,2026-03-19,71,3,2,9,3,0.02,6.449999999999999,11.2875
3110,2026-03-05,75,3,4,4,3,0.01,286.04999999999995,414.7725
3111,2026-06-04,31,1,4,33,2,0.02,22.5,39.375
3112,2026-06-01,83,2,3,6,3,0.0,4.62,6.699
3113,2026-03-27,95,1,2,17,3,0.02,196.35000000000002,343.6125
3114,2026-04-28,75,3,4,12,1,0.0,6.58,11.515
3115,2026-03-21,45,3,2,21,4,0.01,9.0,15.75
3116,2026-08-24,15,2,2,13,4,0.01,21.68,37.94
3117,2026-01-31,37,1,4,29,3,0.04,25.56,44.730000000000004
3118,2026-02-17,2,2,1,30,1,0.03,16.45,28.787499999999998
3119,2026-04-22,55,3,2,20,1,0.03,4.75,8.3125
3120,2026-02-12,34,1,1,13,1,0.02,5.42,9.485
3121,2026-06-20,73,3,1,30,3,0.02,49.349999999999994,86.3625
3122,2026-07-20,7,1,4,34,2,0.03,19.78,34.615
3123,2026-07-13,42,3,1,27,4,0.01,31.96,55.93
3124,2026-04-21,92,1,2,18,3,0.02,231.95999999999998,405.93
3125,2026-06-02,82,2,3,8,1,0.02,2.25,3.2624999999999997
3126,2026-01-03,59,1,2,4,2,0.01,190.7,276.515
3127,2026-06-08,97,2,4,21,3,0.02,6.75,11.8125
3128,2026-03-24,90,1,4,19,1,0.03,4.54,7.945
3129,2026-08-22,85,2,4,4,4,0.03,381.4,553.03
3130,2026-08-24,41,1,3,26,3,0.03,41.25,72.1875
3131,2026-02-18,87,2,2,17,4,0.03,261.8,458.15000000000003
3132,2026-08-19,70,2,1,18,3,0.01,231.95999999999998,405.93
3133,2026-06-29,14,2,4,20,4,0.04,19.0,33.25
3134,2026-06-03,67,1,1,26,2,0.01,27.5,48.125
3135,2026-08-15,18,2,3,24,1,0.02,12.45,21.787499999999998
3136,2026-03-23,59,2,1,12,1,0.01,6.58,11.515
3137,2026-02-21,6,1,3,27,2,0.01,15.98,27.965
3138,2026-05-12,12,1,1,25,2,0.02,25.3,44.275
3139,2026-03-20,94,3,3,29,4,0.03,34.08,59.64
3140,2026-07-22,29,3,3,19,1,0.03,4.54,7.945
3141,2026-08-05,65,3,1,8,2,0.02,4.5,6.5249999999999995
3142,2026-02-12,33,1,4,14,2,0.02,16.9,29.574999999999996
3143,2026-06-04,15,3,1,33,3,0.04,33.75,59.0625
3144,2026-02-04,89,1,1,10,3,0.01,10.05,17.5875
3145,2026-01-24,7,1,4,28,3,0.04,22.56,39.480000000000004
3146,2026-05-14,38,2,3,23,1,0.05,15.59,27.2825
3147,2026-03-12,17,3,2,29,4,0.0,34.08,59.64
3148,2026-02-20,47,3,2,7,1,0.03,14.5,21.025
3149,2026-01-29,60,2,1,12,4,0.02,26.32,46.06
3150,2026-05-02,90,3,4,12,4,0.02,26.32,46.06
3151,2026-05-13,22,1,2,31,2,0.01,20.5,35.875
3152,2026-06-24,56,1,3,32,1,0.02,12.47,21.8225
3153,2026-05-01,99,1,2,17,4,0.05,261.8,458.15000000000003
3154,2026-06-09,42,1,1,6,4,0.0,6.16,8.932
3155,2026-01-27,18,1,2,33,1,0.03,11.25,19.6875
3156,2026-04-04,98,2,1,10,4,0.02,13.4,23.45
3157,2026-02-07,40,3,4,19,2,0.01,9.08,15.89
3158,2026-07-01,70,1,4,22,3,0.03,22.35,39.1125
3159,2026-03-24,21,2,3,2,2,0.04,136.3,197.63500000000002
3160,2026-02-07,13,3,4,22,4,0.01,29.8,52.15
3161,2026-04-23,14,3,4,25,4,0.04,50.6,88.55
3162,2026-08-26,65,1,2,14,3,0.01,25.349999999999998,44.3625
3163,2026-04-25,18,2,2,5,4,0.05,617.0,894.65
3164,2026-01-23,16,2,3,24,3,0.01,37.349999999999994,65.3625
3165,2026-04-30,89,1,2,2,1,0.01,68.15,98.81750000000001
3166,2026-04-14,34,2,3,2,1,0.01,68.15,98.81750000000001
3167,2026-05-11,88,3,2,15,1,0.0,11.58,20.265
3168,2026-08-28,45,2,2,21,3,0.03,6.75,11.8125
3169,2026-01-29,34,2,3,32,2,0.01,24.94,43.645
3170,2026-04-02,23,2,3,22,1,0.02,7.45,13.0375
3171,2026-04-03,59,2,2,12,1,0.0,6.58,11.515
3172,2026-08-22,98,3,3,14,3,0.05,25.349999999999998,44.3625
3173,2026-06-24,76,1,1,10,1,0.02,3.35,5.8625
3174,2026-03-10,49,2,1,17,4,0.0,261.8,458.15000000000003
3175,2026-05-02,40,2,2,1,4,0.03,160.44,232.63799999999998
3176,2026-02-24,95,1,1,20,4,0.03,19.0,33.25
3177,2026-06-29,97,3,4,30,3,0.03,49.349999999999994,86.3625
3178,2026-02-06,40,3,1,5,2,0.01,308.5,447.325
3179,2026-05-29,17,2,2,1,1,0.0,40.11,58.159499999999994
3180,2026-04-11,33,3,4,12,4,0.02,26.32,46.06
3181,2026-06-04,68,2,2,12,4,0.04,26.32,46.06
3182,2026-05-06,88,2,4,2,4,0.02,272.6,395.27000000000004
3183,2026-01-05,48,3,2,32,3,0.02,37.410000000000004,65.4675
3184,2026-01-19,64,2,2,25,3,0.04,37.95,66.4125
3185,2026-01-31,37,1,3,34,4,0.0,39.56,69.23
3186,2026-08-19,81,3,2,9,4,0.05,8.6,15.049999999999999
3187,2026-08-13,29,1,1,26,3,0.02,41.25,72.1875
3188,2026-05-22,43,3,2,2,2,0.02,136.3,197.63500000000002
3189,2026-04-29,97,2,4,19,1,0.0,4.54,7.945
3190,2026-07-27,83,1,2,11,4,0.03,23.0,40.25
3191,2026-08-31,20,1,3,24,2,0.01,24.9,43.574999999999996
3192,2026-03-12,48,1,1,28,3,0.04,22.56,39.480000000000004
3193,2026-06-18,7,3,3,12,3,0.01,19.740000000000002,34.545
3194,2026-05-13,25,3,1,9,3,0.03,6.449999999999999,11.2875
3195,2026-05-30,67,3,4,16,1,0.0,54.15,94.7625
3196,2026-01-31,88,3,2,31,3,0.03,30.75,53.8125
3197,2026-06-15,41,2,1,14,3,0.0,25.349999999999998,44.3625
3198,2026-08-24,30,2,3,30,1,0.03,16.45,28.787499999999998
3199,2026-02-16,43,1,3,18,4,0.0,309.28,541.24
3200,2026-02-28,40,1,2,17,4,0.02,261.8,458.15000000000003
3201,2026-03-13,12,1,3,15,1,0.01,11.58,20.265
3202,2026-07-08,45,2,1,19,3,0.05,13.620000000000001,23.835
3203,2026-08-20,76,1,4,13,2,0.04,10.84,18.97
3204,2026-05-13,29,2,1,19,2,0.04,9.08,15.89
3205,2026-01-02,51,3,4,19,4,0.01,18.16,31.78
3206,2026-08-10,83,1,4,5,4,0.03,617.0,894.65
3207,2026-08-03,71,2,1,2,2,0.02,136.3,197.63500000000002
3208,2026-01-09,39,2,1,6,4,0.04,6.16,8.932
3209,2026-02-23,90,2,1,9,4,0.0,8.6,15.049999999999999
3210,2026-01-27,3,2,2,24,2,0.03,24.9,43.574999999999996
3211,2026-07-20,45,1,2,32,1,0.03,12.47,21.8225
3212,2026-06-10,76,1,1,1,2,0.04,80.22,116.31899999999999
3213,2026-03-26,84,1,4,31,3,0.02,30.75,53.8125
3214,2026-04-11,97,1,1,6,2,0.02,3.08,4.466
3215,2026-05-20,6,1,1,9,2,0.0,4.3,7.5249999999999995
3216,2026-01-05,24,2,3,7,1,0.05,14.5,21.025
3217,2026-04-09,78,1,1,15,3,0.05,34.74,60.795
3218,2026-07-27,12,2,4,31,1,0.03,10.25,17.9375
3219,2026-01-05,3,2,2,18,2,0.03,154.64,270.62
3220,2026-03-05,92,2,2,14,4,0.03,33.8,59.14999999999999
3221,2026-07-17,88,2,1,2,4,0.0,272.6,395.27000000000004
3222,2026-03-07,91,3,4,2,4,0.01,272.6,395.27000000000004
3223,2026-07-31,91,2,3,22,3,0.04,22.35,39.1125
3224,2026-03-14,26,2,2,6,1,0.02,1.54,2.233
3225,2026-02-04,48,2,1,6,1,0.02,1.54,2.233
3226,2026-04-17,28,2,1,18,3,0.02,231.95999999999998,405.93
3227,2026-03-31,2,2,4,10,4,0.02,13.4,23.45
3228,2026-03-05,15,2,3,8,1,0.01,2.25,3.2624999999999997
3229,2026-07-08,55,2,1,12,1,0.0,6.58,11.515
3230,2026-07-11,12,1,3,11,1,0.05,5.75,10.0625
3231,2026-02-24,19,1,2,32,4,0.02,49.88,87.29
3232,2026-01-08,69,3,1,19,4,0.04,18.16,31.78
3233,2026-05-21,13,3,3,2,4,0.02,272.6,395.27000000000004
3234,2026-05-09,94,1,1,6,4,0.04,6.16,8.932
3235,2026-05-07,16,3,3,31,1,0.01,10.25,17.9375
3236,2026-03-21,62,3,2,16,4,0.03,216.6,379.05
3237,2026-02-27,43,1,2,10,2,0.03,6.7,11.725
3238,2026-08-20,3,2,4,26,1,0.02,13.75,24.0625
3239,2026-04-15,45,2,3,5,4,0.0,617.0,894.65
3240,2026-01-09,45,2,4,21,1,0.02,2.25,3.9375
3241,2026-04-02,86,2,1,3,3,0.03,225.71999999999997,327.294
3242,2026-01-23,55,1,2,8,2,0.0,4.5,6.5249999999999995
3243,2026-04-01,12,2,2,6,4,0.01,6.16,8.932
3244,2026-05-02,13,2,4,34,2,0.02,19.78,34.615
3245,2026-07-09,72,2,2,4,1,0.04,95.35,138.2575
3246,2026-01-16,84,3,3,24,4,0.03,49.8,87.14999999999999
3247,2026-04-30,37,2,3,16,1,0.03,54.15,94.7625
3248,2026-01-13,27,2,4,20,1,0.0,4.75,8.3125
3249,2026-01-03,5,1,4,7,3,0.04,43.5,63.074999999999996
3250,2026-02-05,7,2,2,13,1,0.04,5.42,9.485
3251,2026-01-07,84,2,3,30,3,0.0,49.349999999999994,86.3625
3252,2026-01-03,5,3,4,27,1,0.02,7.99,13.9825
3253,2026-01-13,13,1,4,9,1,0.04,2.15,3.7624999999999997
3254,2026-07-23,77,2,1,19,3,0.03,13.620000000000001,23.835
3255,2026-08-06,54,2,2,9,3,0.02,6.449999999999999,11.2875
3256,2026-03-23,76,1,4,23,3,0.05,46.769999999999996,81.8475
3257,2026-04-11,17,2,3,12,4,0.02,26.32,46.06
3258,2026-01-01,76,1,4,4,1,0.04,95.35,138.2575
3259,2026-01-10,20,1,3,11,1,0.03,5.75,10.0625
3260,2026-01-01,31,2,3,31,2,0.05,20.5,35.875
3261,2026-07-23,22,2,1,7,1,0.04,14.5,21.025
3262,2026-05-01,96,3,3,30,1,0.04,16.45,28.787499999999998
3263,2026-06-25,19,1,1,26,4,0.03,55.0,96.25
3264,2026-04-13,69,2,2,20,3,0.01,14.25,24.9375
3265,2026-04-01,16,1,2,9,1,0.02,2.15,3.7624999999999997
3266,2026-08-15,31,1,3,18,2,0.0,154.64,270.62
3267,2026-02-03,85,2,1,13,4,0.01,21.68,37.94
3268,2026-01-05,99,2,2,32,3,0.04,37.410000000000004,65.4675
3269,2026-06-23,50,1,2,23,4,0.03,62.36,109.13
3270,2026-07-22,21,2,4,6,2,0.01,3.08,4.466
3271,2026-03-19,63,2,3,27,3,0.04,23.97,41.9475
3272,2026-03-27,21,3,2,23,2,0.02,31.18,54.565
3273,2026-02-27,74,3,2,34,1,0.01,9.89,17.3075
3274,2026-06-12,98,3,4,24,1,0.04,12.45,21.787499999999998
3275,2026-04-03,37,2,3,32,2,0.01,24.94,43.645
3276,2026-08-18,59,2,1,29,4,0.02,34.08,59.64
3277,2026-06-03,95,2,2,31,1,0.03,10.25,17.9375
3278,2026-08-24,75,1,2,25,3,0.04,37.95,66.4125
3279,2026-08-25,47,1,3,31,2,0.0,20.5,35.875
3280,2026-03-09,16,2,2,25,1,0.05,12.65,22.1375
3281,2026-05-12,25,1,2,29,4,0.04,34.08,59.64
3282,2026-07-23,91,3,2,27,1,0.03,7.99,13.9825
3283,2026-06-23,90,2,1,10,3,0.0,10.05,17.5875
3284,2026-02-07,11,2,3,4,4,0.05,381.4,553.03
3285,2026-04-17,74,2,1,1,2,0.04,80.22,116.31899999999999
3286,2026-07-21,23,3,3,16,1,0.01,54.15,94.7625
3287,2026-05-13,37,2,3,6,3,0.04,4.62,6.699
3288,2026-02-05,81,3,4,19,4,0.01,18.16,31.78
3289,2026-06-17,85,3,3,11,2,0.03,11.5,20.125
3290,2026-05-06,15,3,3,30,1,0.05,16.45,28.787499999999998
3291,2026-01-07,55,2,4,21,1,0.03,2.25,3.9375
3292,2026-04-14,74,2,4,26,4,0.03,55.0,96.25
3293,2026-02-18,61,1,4,33,3,0.04,33.75,59.0625
3294,2026-06-05,61,3,1,6,3,0.04,4.62,6.699
3295,2026-03-23,66,1,1,14,4,0.04,33.8,59.14999999999999
3296,2026-07-13,83,1,4,26,3,0.02,41.25,72.1875
3297,2026-03-27,45,3,2,27,2,0.03,15.98,27.965
3298,2026-02-17,89,1,2,3,3,0.01,225.71999999999997,327.294
3299,2026-06-19,68,1,3,10,2,0.04,6.7,11.725
3300,2026-04-14,33,3,2,16,4,0.01,216.6,379.05
3301,2026-04-28,43,2,3,8,1,0.04,2.25,3.2624999999999997
3302,2026-01-05,53,3,1,22,1,0.01,7.45,13.0375
3303,2026-01-26,40,1,1,2,1,0.02,68.15,98.81750000000001
3304,2026-02-02,2,2,3,16,4,0.0,216.6,379.05
3305,2026-06-16,6,2,2,34,2,0.02,19.78,34.615
3306,2026-05-16,79,1,4,22,4,0.03,29.8,52.15
3307,2026-08-17,85,2,3,24,3,0.02,37.349999999999994,65.3625
3308,2026-07-17,7,1,3,23,1,0.04,15.59,27.2825
3309,2026-03-20,47,2,3,34,2,0.01,19.78,34.615
3310,2026-01-01,11,3,1,24,2,0.02,24.9,43.574999999999996
3311,2026-05-21,18,2,1,30,1,0.0,16.45,28.787499999999998
3312,2026-03-31,41,1,3,24,3,0.05,37.349999999999994,65.3625
3313,2026-07-09,88,3,3,3,2,0.01,150.48,218.19599999999997
3314,2026-06-04,73,2,1,8,3,0.02,6.75,9.7875
3315,2026-05-26,54,3,2,33,4,0.02,45.0,78.75
3316,2026-03-28,95,2,1,20,4,0.01,19.0,33.25
3317,2026-01-21,33,3,4,4,2,0.01,190.7,276.515
3318,2026-08-19,99,1,1,13,3,0.03,16.259999999999998,28.455
3319,2026-06-26,1,2,4,31,2,0.04,20.5,35.875
3320,2026-01-09,69,3,4,15,1,0.01,11.58,20.265
3321,2026-04-11,78,2,2,29,3,0.03,25.56,44.730000000000004
3322,2026-07-13,59,2,4,13,1,0.01,5.42,9.485
3323,2026-02-19,91,1,3,23,1,0.01,15.59,27.2825
3324,2026-03-16,80,1,3,16,4,0.01,216.6,379.05
3325,2026-05-14,81,1,2,27,3,0.01,23.97,41.9475
3326,2026-08-28,9,3,3,13,3,0.02,16.259999999999998,28.455
3327,2026-06-23,29,2,2,3,2,0.02,150.48,218.19599999999997
3328,2026-08-25,64,2,3,12,1,0.04,6.58,11.515
3329,2026-01-23,8,2,1,17,3,0.02,196.35000000000002,343.6125
3330,2026-02-06,95,3,2,11,1,0.02,5.75,10.0625
3331,2026-07-16,39,1,1,2,4,0.03,272.6,395.27000000000004
3332,2026-03-04,77,3,4,32,1,0.0,12.47,21.8225
3333,2026-08-27,92,3,2,23,1,0.04,15.59,27.2825
3334,2026-01-27,77,2,2,13,1,0.01,5.42,9.485
3335,2026-07-23,53,2,3,24,2,0.03,24.9,43.574999999999996
3336,2026-06-27,33,1,2,27,4,0.05,31.96,55.93
3337,2026-05-07,11,2,3,9,1,0.02,2.15,3.7624999999999997
3338,2026-06-27,14,1,2,34,3,0.01,29.67,51.9225
3339,2026-07-01,91,2,1,32,4,0.02,49.88,87.29
3340,2026-02-25,24,1,3,32,1,0.03,12.47,21.8225
3341,2026-08-14,57,3,3,5,4,0.04,617.0,894.65
3342,2026-02-09,25,1,4,30,4,0.03,65.8,115.14999999999999
3343,2026-05-15,36,1,4,5,1,0.03,154.25,223.6625
3344,2026-07-07,76,1,4,12,4,0.03,26.32,46.06
3345,2026-02-23,61,2,2,21,2,0.02,4.5,7.875
3346,2026-04-02,77,2,2,25,2,0.03,25.3,44.275
3347,2026-06-22,12,1,3,25,1,0.03,12.65,22.1375
3348,2026-07-24,27,2,1,19,1,0.01,4.54,7.945
3349,2026-05-29,76,3,1,1,1,0.04,40.11,58.159499999999994
3350,2026-03-14,21,1,3,18,2,0.0,154.64,270.62
3351,2026-05-11,42,2,2,28,3,0.02,22.56,39.480000000000004
3352,2026-03-10,94,2,2,20,4,0.0,19.0,33.25
3353,2026-08-10,48,3,2,31,2,0.02,20.5,35.875
3354,2026-01-21,90,1,4,5,2,0.04,308.5,447.325
3355,2026-05-04,34,2,1,32,4,0.03,49.88,87.29
3356,2026-08-29,26,1,1,29,2,0.01,17.04,29.82
3357,2026-07-09,30,3,4,30,4,0.0,65.8,115.14999999999999
3358,2026-07-06,60,1,3,19,1,0.01,4.54,7.945
3359,2026-02-03,92,2,1,22,2,0.03,14.9,26.075
3360,2026-01-31,13,2,2,5,2,0.03,308.5,447.325
3361,2026-06-04,25,2,1,22,1,0.02,7.45,13.0375
3362,2026-05-15,73,2,4,26,4,0.01,55.0,96.25
3363,2026-03-13,11,1,1,31,3,0.01,30.75,53.8125
3364,2026-05-29,69,1,2,21,3,0.0,6.75,11.8125
3365,2026-05-22,88,3,2,8,2,0.03,4.5,6.5249999999999995
3366,2026-01-06,85,3,3,20,4,0.01,19.0,33.25
3367,2026-08-26,31,3,4,6,2,0.03,3.08,4.466
3368,2026-06-17,94,3,3,31,3,0.0,30.75,53.8125
3369,2026-01-15,45,3,1,33,3,0.02,33.75,59.0625
3370,2026-07-01,79,1,4,28,3,0.02,22.56,39.480000000000004
3371,2026-04-07,24,2,4,27,2,0.0,15.98,27.965
3372,2026-06-29,72,1,2,8,4,0.02,9.0,13.049999999999999
3373,2026-04-15,31,2,1,24,4,0.03,49.8,87.14999999999999
3374,2026-03-25,40,1,4,25,1,0.03,12.65,22.1375
3375,2026-07-07,71,2,1,23,1,0.04,15.59,27.2825
3376,2026-05-15,79,3,3,3,4,0.02,300.96,436.39199999999994
3377,2026-08-05,86,1,2,29,2,0.01,17.04,29.82
3378,2026-04-27,27,2,1,28,1,0.01,7.52,13.16
3379,2026-04-03,65,3,2,1,2,0.05,80.22,116.31899999999999
3380,2026-03-20,94,3,3,10,2,0.01,6.7,11.725
3381,2026-03-20,2,3,2,32,4,0.04,49.88,87.29
3382,2026-08-21,27,3,1,15,1,0.02,11.58,20.265
3383,2026-05-08,47,1,1,26,2,0.03,27.5,48.125
3384,2026-05-18,79,2,3,15,2,0.02,23.16,40.53
3385,2026-05-30,30,1,3,32,1,0.05,12.47,21.8225
3386,2026-02-20,72,2,3,26,4,0.04,55.0,96.25
3387,2026-04-15,26,3,3,30,2,0.04,32.9,57.574999999999996
3388,2026-02-11,80,3,2,12,1,0.03,6.58,11.515
3389,2026-04-02,6,1,1,1,1,0.04,40.11,58.159499999999994
3390,2026-01-23,34,2,3,29,1,0.05,8.52,14.91
3391,2026-08-24,51,3,3,25,3,0.02,37.95,66.4125
3392,2026-02-17,70,1,1,25,1,0.05,12.65,22.1375
3393,2026-01-26,93,3,2,30,4,0.01,65.8,115.14999999999999
3394,2026-05-19,95,3,3,29,1,0.01,8.52,14.91
3395,2026-07-07,74,3,1,28,3,0.03,22.56,39.480000000000004
3396,2026-07-02,44,3,1,20,3,0.05,14.25,24.9375
3397,2026-07-30,4,1,1,30,3,0.05,49.349999999999994,86.3625
3398,2026-03-07,32,1,3,10,1,0.02,3.35,5.8625
3399,2026-02-21,49,2,2,29,4,0.04,34.08,59.64
3400,2026-02-09,8,2,2,14,3,0.03,25.349999999999998,44.3625
3401,2026-02-04,89,1,1,11,1,0.02,5.75,10.0625
3402,2026-03-13,76,1,4,26,4,0.04,55.0,96.25
3403,2026-08-11,4,1,2,24,3,0.03,37.349999999999994,65.3625
3404,2026-05-15,49,1,2,12,3,0.0,19.740000000000002,34.545
3405,2026-07-11,12,3,4,7,2,0.01,29.0,42.05
3406,2026-04-03,86,3,4,17,1,0.04,65.45,114.53750000000001
3407,2026-01-15,25,3,1,23,3,0.01,46.769999999999996,81.8475
3408,2026-04-07,4,1,4,1,3,0.0,120.33,174.4785
3409,2026-01-15,44,2,4,3,4,0.01,300.96,436.39199999999994
3410,2026-04-20,32,2,2,10,1,0.04,3.35,5.8625
3411,2026-08-10,55,2,2,32,2,0.01,24.94,43.645
3412,2026-08-22,61,3,2,17,3,0.03,196.35000000000002,343.6125
3413,2026-05-30,99,2,1,3,2,0.04,150.48,218.19599999999997
3414,2026-08-12,91,1,4,12,2,0.03,13.16,23.03
3415,2026-02-04,79,3,3,1,2,0.0,80.22,116.31899999999999
3416,2026-05-01,15,1,4,17,3,0.0,196.35000000000002,343.6125
3417,2026-01-03,29,2,3,28,2,0.04,15.04,26.32
3418,2026-07-11,32,2,3,25,3,0.03,37.95,66.4125
3419,2026-05-27,97,3,4,34,1,0.01,9.89,17.3075
3420,2026-06-18,66,1,1,14,2,0.04,16.9,29.574999999999996
3421,2026-01-31,86,2,1,32,1,0.02,12.47,21.8225
3422,2026-06-17,13,2,4,32,2,0.02,24.94,43.645
3423,2026-04-02,18,2,2,8,3,0.02,6.75,9.7875
3424,2026-05-04,78,2,1,7,4,0.04,58.0,84.1
3425,2026-05-20,13,3,3,23,4,0.02,62.36,109.13
3426,2026-07-20,48,2,3,18,4,0.05,309.28,541.24
3427,2026-02-09,40,3,1,21,3,0.01,6.75,11.8125
3428,2026-08-31,48,2,1,11,1,0.03,5.75,10.0625
3429,2026-07-07,2,2,4,10,4,0.02,13.4,23.45
3430,2026-05-18,86,2,4,24,3,0.0,37.349999999999994,65.3625
3431,2026-04-29,52,1,1,9,1,0.01,2.15,3.7624999999999997
3432,2026-05-27,40,3,1,4,4,0.0,381.4,553.03
3433,2026-05-19,69,1,2,13,3,0.04,16.259999999999998,28.455
3434,2026-06-26,60,3,3,31,2,0.0,20.5,35.875
3435,2026-06-23,47,1,2,6,3,0.03,4.62,6.699
3436,2026-02-10,14,2,2,28,3,0.02,22.56,39.480000000000004
3437,2026-01-09,64,3,1,32,1,0.03,12.47,21.8225
3438,2026-02-17,84,2,2,3,1,0.03,75.24,109.09799999999998
3439,2026-01-12,51,2,1,16,4,0.03,216.6,379.05
3440,2026-02-20,1,2,3,34,1,0.04,9.89,17.3075
3441,2026-06-04,92,1,3,31,3,0.01,30.75,53.8125
3442,2026-02-07,61,3,3,34,2,0.0,19.78,34.615
3443,2026-04-24,58,2,1,3,1,0.03,75.24,109.09799999999998
3444,2026-03-18,3,3,3,4,2,0.02,190.7,276.515
3445,2026-08-05,42,3,3,5,1,0.04,154.25,223.6625
3446,2026-02-04,52,3,1,6,2,0.02,3.08,4.466
3447,2026-05-15,89,3,1,10,4,0.03,13.4,23.45
3448,2026-01-22,37,3,1,18,2,0.01,154.64,270.62
3449,2026-01-27,79,1,3,17,3,0.04,196.35000000000002,343.6125
3450,2026-01-09,82,1,1,20,4,0.05,19.0,33.25
3451,2026-03-11,69,2,4,14,4,0.04,33.8,59.14999999999999
3452,2026-08-19,18,1,2,23,1,0.01,15.59,27.2825
3453,2026-03-09,14,1,2,20,2,0.03,9.5,16.625
3454,2026-02-21,44,2,3,26,3,0.0,41.25,72.1875
3455,2026-06-11,58,2,4,14,4,0.01,33.8,59.14999999999999
3456,2026-02-06,50,1,3,30,1,0.04,16.45,28.787499999999998
3457,2026-06-18,52,3,4,30,2,0.04,32.9,57.574999999999996
3458,2026-08-10,75,2,1,29,4,0.04,34.08,59.64
3459,2026-07-11,8,2,4,31,3,0.03,30.75,53.8125
3460,2026-06-02,75,1,1,9,3,0.05,6.449999999999999,11.2875
3461,2026-03-06,5,1,4,9,2,0.01,4.3,7.5249999999999995
3462,2026-01-13,41,3,2,29,4,0.01,34.08,59.64
3463,2026-06-20,77,3,2,34,2,0.03,19.78,34.615
3464,2026-05-19,2,1,1,24,4,0.0,49.8,87.14999999999999
3465,2026-02-05,8,1,1,21,4,0.01,9.0,15.75
3466,2026-06-05,77,2,1,19,2,0.01,9.08,15.89
3467,2026-08-18,54,3,2,25,4,0.03,50.6,88.55
3468,2026-05-27,62,1,3,27,1,0.03,7.99,13.9825
3469,2026-05-30,86,3,3,6,3,0.02,4.62,6.699
3470,2026-03-24,97,2,2,2,1,0.03,68.15,98.81750000000001
3471,2026-01-27,24,1,1,28,1,0.05,7.52,13.16
3472,2026-01-20,9,1,3,14,1,0.02,8.45,14.787499999999998
3473,2026-07-08,46,3,1,17,1,0.0,65.45,114.53750000000001
3474,2026-08-17,14,3,4,19,1,0.03,4.54,7.945
3475,2026-05-02,86,3,2,27,1,0.03,7.99,13.9825
3476,2026-04-08,22,2,1,28,4,0.02,30.08,52.64
3477,2026-02-14,39,3,4,9,1,0.03,2.15,3.7624999999999997
3478,2026-01-03,84,3,3,4,2,0.03,190.7,276.515
3479,2026-07-18,48,1,4,4,3,0.02,286.04999999999995,414.7725
3480,2026-02-18,20,2,4,27,3,0.01,23.97,41.9475
3481,2026-04-06,57,1,4,23,3,0.04,46.769999999999996,81.8475
3482,2026-02-13,40,3,2,13,3,0.01,16.259999999999998,28.455
3483,2026-05-21,9,3,3,23,1,0.04,15.59,27.2825
3484,2026-03-04,84,2,3,8,3,0.01,6.75,9.7875
3485,2026-05-14,12,2,1,26,2,0.02,27.5,48.125
3486,2026-04-18,31,3,2,34,3,0.04,29.67,51.9225
3487,2026-03-23,38,3,2,11,1,0.05,5.75,10.0625
3488,2026-07-28,17,1,1,3,1,0.04,75.24,109.09799999999998
3489,2026-05-08,35,3,4,20,3,0.03,14.25,24.9375
3490,2026-08-31,83,2,1,33,3,0.02,33.75,59.0625
3491,2026-02-06,93,2,2,16,3,0.05,162.45,284.2875
3492,2026-03-19,32,2,1,1,3,0.04,120.33,174.4785
3493,2026-06-25,18,3,2,18,3,0.04,231.95999999999998,405.93
3494,2026-07-31,27,2,4,6,2,0.04,3.08,4.466
3495,2026-01-03,13,2,3,19,2,0.01,9.08,15.89
3496,2026-04-16,21,1,2,9,4,0.04,8.6,15.049999999999999
3497,2026-08-17,88,1,4,19,1,0.0,4.54,7.945
3498,2026-03-31,26,3,3,25,1,0.01,12.65,22.1375
3499,2026-03-03,49,1,1,31,1,0.0,10.25,17.9375
3500,2026-01-22,83,1,2,7,3,0.03,43.5,63.074999999999996
3501,2026-03-23,6,3,3,3,3,0.0,225.71999999999997,327.294
3502,2026-06-30,25,3,2,17,4,0.05,261.8,458.15000000000003
3503,2026-01-28,83,1,4,18,4,0.05,309.28,541.24
3504,2026-05-08,60,2,1,24,1,0.0,12.45,21.787499999999998
3505,2026-05-29,79,3,4,7,3,0.01,43.5,63.074999999999996
3506,2026-05-29,54,3,1,19,2,0.02,9.08,15.89
3507,2026-08-29,56,1,3,7,4,0.03,58.0,84.1
3508,2026-04-02,35,1,3,8,2,0.01,4.5,6.5249999999999995
3509,2026-04-15,16,2,4,26,2,0.03,27.5,48.125
3510,2026-06-12,60,3,1,26,4,0.03,55.0,96.25
3511,2026-08-10,46,1,3,15,2,0.0,23.16,40.53
3512,2026-07-15,30,3,3,27,1,0.05,7.99,13.9825
3513,2026-07-25,9,2,2,5,3,0.03,462.75,670.9875
3514,2026-05-19,86,2,4,3,2,0.04,150.48,218.19599999999997
3515,2026-05-06,18,1,1,7,2,0.03,29.0,42.05
3516,2026-06-25,70,2,3,14,4,0.02,33.8,59.14999999999999
3517,2026-07-31,99,1,2,22,3,0.02,22.35,39.1125
3518,2026-01-28,41,1,1,15,3,0.05,34.74,60.795
3519,2026-06-16,9,3,3,15,4,0.03,46.32,81.06
3520,2026-07-08,33,2,2,31,3,0.01,30.75,53.8125
3521,2026-01-17,28,2,3,10,4,0.02,13.4,23.45
3522,2026-06-24,68,2,4,15,3,0.05,34.74,60.795
3523,2026-04-07,38,3,1,32,4,0.0,49.88,87.29
3524,2026-06-01,28,3,1,19,4,0.0,18.16,31.78
3525,2026-04-28,36,3,3,5,2,0.03,308.5,447.325
3526,2026-02-28,51,1,3,26,2,0.0,27.5,48.125
3527,2026-05-29,77,3,3,33,4,0.02,45.0,78.75
3528,2026-01-03,63,3,1,30,4,0.04,65.8,115.14999999999999
3529,2026-07-08,4,1,1,33,1,0.05,11.25,19.6875
3530,2026-05-21,75,3,2,4,2,0.02,190.7,276.515
3531,2026-02-18,33,1,4,20,4,0.02,19.0,33.25
3532,2026-06-06,4,3,1,25,4,0.01,50.6,88.55
3533,2026-02-04,69,3,4,14,4,0.03,33.8,59.14999999999999
3534,2026-01-28,22,3,1,32,4,0.02,49.88,87.29
3535,2026-06-09,68,2,3,28,2,0.01,15.04,26.32
3536,2026-05-30,71,3,1,15,1,0.02,11.58,20.265
3537,2026-02-23,93,3,3,15,2,0.03,23.16,40.53
3538,2026-08-26,65,1,2,21,3,0.03,6.75,11.8125
3539,2026-01-02,16,1,3,22,3,0.0,22.35,39.1125
3540,2026-01-28,89,3,4,26,4,0.03,55.0,96.25
3541,2026-04-03,59,1,2,6,1,0.03,1.54,2.233
3542,2026-04-14,18,2,2,4,2,0.02,190.7,276.515
3543,2026-06-29,88,3,1,9,1,0.02,2.15,3.7624999999999997
3544,2026-01-28,6,1,2,17,4,0.04,261.8,458.15000000000003
3545,2026-06-16,31,2,4,21,2,0.03,4.5,7.875
3546,2026-02-25,57,2,4,6,3,0.0,4.62,6.699
3547,2026-04-09,41,2,4,22,2,0.03,14.9,26.075
3548,2026-01-12,74,3,3,20,1,0.04,4.75,8.3125
3549,2026-05-30,31,2,3,16,3,0.01,162.45,284.2875
3550,2026-05-26,68,2,4,21,2,0.05,4.5,7.875
3551,2026-04-13,92,2,1,20,3,0.01,14.25,24.9375
3552,2026-08-04,25,1,3,13,3,0.04,16.259999999999998,28.455
3553,2026-06-15,48,3,1,1,2,0.02,80.22,116.31899999999999
3554,2026-03-19,32,2,4,16,2,0.02,108.3,189.525
3555,2026-05-23,27,3,2,34,4,0.02,39.56,69.23
3556,2026-04-21,18,2,3,31,2,0.02,20.5,35.875
3557,2026-05-15,9,2,1,26,2,0.03,27.5,48.125
3558,2026-08-26,91,2,2,19,3,0.02,13.620000000000001,23.835
3559,2026-02-06,66,1,1,10,2,0.03,6.7,11.725
3560,2026-05-04,50,1,1,22,4,0.01,29.8,52.15
3561,2026-07-25,11,1,3,27,2,0.02,15.98,27.965
3562,2026-02-21,90,2,2,8,2,0.04,4.5,6.5249999999999995
3563,2026-03-07,81,1,2,12,2,0.03,13.16,23.03
3564,2026-01-08,43,3,3,15,3,0.0,34.74,60.795
3565,2026-07-28,5,3,4,4,2,0.02,190.7,276.515
3566,2026-01-20,29,2,1,2,4,0.02,272.6,395.27000000000004
3567,2026-03-27,47,1,3,29,2,0.03,17.04,29.82
3568,2026-06-13,98,2,4,3,3,0.05,225.71999999999997,327.294
3569,2026-08-07,56,2,2,5,1,0.04,154.25,223.6625
3570,2026-07-15,26,3,1,10,4,0.01,13.4,23.45
3571,2026-04-13,71,3,3,19,2,0.03,9.08,15.89
3572,2026-06-02,67,1,3,2,4,0.01,272.6,395.27000000000004
3573,2026-07-10,16,2,1,8,3,0.03,6.75,9.7875
3574,2026-07-11,33,1,2,16,4,0.0,216.6,379.05
3575,2026-01-31,27,2,2,9,3,0.02,6.449999999999999,11.2875
3576,2026-08-29,3,3,4,31,1,0.04,10.25,17.9375
3577,2026-04-04,99,3,1,26,1,0.05,13.75,24.0625
3578,2026-04-01,12,1,3,8,3,0.02,6.75,9.7875
3579,2026-05-23,33,1,4,4,1,0.04,95.35,138.2575
3580,2026-06-09,11,3,2,9,3,0.04,6.449999999999999,11.2875
3581,2026-01-27,23,3,4,25,1,0.02,12.65,22.1375
3582,2026-02-23,85,2,2,33,2,0.03,22.5,39.375
3583,2026-01-06,66,2,1,20,3,0.0,14.25,24.9375
3584,2026-01-15,78,3,4,26,2,0.01,27.5,48.125
3585,2026-04-30,6,3,4,27,3,0.03,23.97,41.9475
3586,2026-04-03,37,3,1,10,3,0.03,10.05,17.5875
3587,2026-04-11,85,1,2,28,1,0.04,7.52,13.16
3588,2026-04-17,75,1,2,29,3,0.01,25.56,44.730000000000004
3589,2026-08-27,86,1,2,2,2,0.01,136.3,197.63500000000002
3590,2026-07-04,51,2,1,22,3,0.01,22.35,39.1125
3591,2026-05-28,18,3,4,5,4,0.05,617.0,894.65
3592,2026-02-18,23,1,1,32,2,0.03,24.94,43.645
3593,2026-05-18,39,1,3,33,3,0.0,33.75,59.0625
3594,2026-08-05,26,3,4,16,4,0.01,216.6,379.05
3595,2026-08-18,42,3,3,16,3,0.01,162.45,284.2875
3596,2026-04-28,4,1,1,32,1,0.0,12.47,21.8225
3597,2026-04-04,39,3,1,28,2,0.02,15.04,26.32
3598,2026-05-27,17,3,4,4,2,0.01,190.7,276.515
3599,2026-04-13,68,2,1,2,3,0.02,204.45000000000002,296.45250000000004
3600,2026-05-15,36,2,3,20,2,0.03,9.5,16.625
3601,2026-06-03,84,2,1,32,4,0.01,49.88,87.29
3602,2026-04-16,51,2,3,29,2,0.01,17.04,29.82
3603,2026-01-29,31,3,4,16,2,0.04,108.3,189.525
3604,2026-06-18,21,1,4,34,4,0.01,39.56,69.23
3605,2026-04-03,4,1,4,28,2,0.03,15.04,26.32
3606,2026-07-02,73,3,1,32,3,0.03,37.410000000000004,65.4675
3607,2026-08-11,69,2,2,2,1,0.04,68.15,98.81750000000001
3608,2026-01-08,34,3,4,26,1,0.04,13.75,24.0625
3609,2026-06-22,88,2,3,17,3,0.05,196.35000000000002,343.6125
3610,2026-07-30,85,2,1,33,3,0.0,33.75,59.0625
3611,2026-08-28,97,2,3,29,2,0.04,17.04,29.82
3612,2026-07-14,85,2,1,30,4,0.04,65.8,115.14999999999999
3613,2026-01-12,81,3,3,27,3,0.01,23.97,41.9475
3614,2026-01-27,68,1,3,30,4,0.01,65.8,115.14999999999999
3615,2026-06-25,45,1,1,5,4,0.04,617.0,894.65
3616,2026-04-29,15,1,1,16,4,0.05,216.6,379.05
3617,2026-01-28,96,2,3,6,2,0.01,3.08,4.466
3618,2026-05-26,9,3,3,19,2,0.01,9.08,15.89
3619,2026-01-13,32,1,1,28,1,0.02,7.52,13.16
3620,2026-01-10,79,2,2,20,4,0.02,19.0,33.25
3621,2026-07-21,89,3,1,27,3,0.03,23.97,41.9475
3622,2026-05-02,99,1,1,15,2,0.05,23.16,40.53
3623,2026-05-12,79,2,1,10,1,0.01,3.35,5.8625
3624,2026-08-04,55,1,3,21,2,0.04,4.5,7.875
3625,2026-08-12,31,1,1,13,2,0.02,10.84,18.97
3626,2026-01-31,44,3,3,23,1,0.01,15.59,27.2825
3627,2026-05-16,47,1,2,21,3,0.02,6.75,11.8125
3628,2026-08-05,99,1,1,31,3,0.05,30.75,53.8125
3629,2026-08-04,14,2,2,17,4,0.04,261.8,458.15000000000003
3630,2026-04-24,73,1,3,28,4,0.01,30.08,52.64
3631,2026-05-06,45,2,1,28,4,0.05,30.08,52.64
3632,2026-06-06,96,1,3,23,3,0.02,46.769999999999996,81.8475
3633,2026-03-13,49,1,3,25,1,0.02,12.65,22.1375
3634,2026-08-10,85,2,1,11,2,0.04,11.5,20.125
3635,2026-05-08,18,2,2,2,3,0.04,204.45000000000002,296.45250000000004
3636,2026-02-11,99,1,4,5,2,0.02,308.5,447.325
3637,2026-08-26,13,3,3,21,1,0.04,2.25,3.9375
3638,2026-06-11,44,1,2,16,4,0.03,216.6,379.05
3639,2026-04-06,66,2,3,15,3,0.02,34.74,60.795
3640,2026-01-01,80,1,1,13,1,0.03,5.42,9.485
3641,2026-02-28,89,3,2,34,3,0.03,29.67,51.9225
3642,2026-07-25,40,1,4,34,2,0.02,19.78,34.615
3643,2026-01-12,71,1,1,13,4,0.05,21.68,37.94
3644,2026-04-02,8,1,2,21,3,0.03,6.75,11.8125
3645,2026-01-14,82,2,1,26,4,0.03,55.0,96.25
3646,2026-08-27,4,1,3,12,2,0.04,13.16,23.03
3647,2026-01-20,18,2,3,31,1,0.03,10.25,17.9375
3648,2026-06-03,46,3,2,4,2,0.02,190.7,276.515
3649,2026-08-05,18,1,4,5,3,0.04,462.75,670.9875
3650,2026-08-19,74,3,3,16,1,0.0,54.15,94.7625
3651,2026-04-20,27,2,3,15,2,0.0,23.16,40.53
3652,2026-06-16,67,3,3,26,4,0.01,55.0,96.25
3653,2026-03-03,89,3,2,18,1,0.03,77.32,135.31
3654,2026-07-16,32,3,2,15,2,0.0,23.16,40.53
3655,2026-07-25,18,1,3,19,2,0.03,9.08,15.89
3656,2026-03-05,89,1,2,10,3,0.01,10.05,17.5875
3657,2026-02-17,27,2,2,3,1,0.03,75.24,109.09799999999998
3658,2026-02-16,31,1,2,31,2,0.01,20.5,35.875
3659,2026-05-16,36,1,2,3,4,0.04,300.96,436.39199999999994
3660,2026-04-06,86,2,1,13,3,0.03,16.259999999999998,28.455
3661,2026-05-16,73,1,4,30,1,0.01,16.45,28.787499999999998
3662,2026-07-01,53,2,1,32,4,0.01,49.88,87.29
3663,2026-04-25,99,1,2,7,2,0.01,29.0,42.05
3664,2026-02-04,21,2,3,21,2,0.04,4.5,7.875
3665,2026-05-28,48,2,2,19,4,0.04,18.16,31.78
3666,2026-06-25,78,1,4,16,3,0.04,162.45,284.2875
3667,2026-08-12,78,1,3,2,4,0.03,272.6,395.27000000000004
3668,2026-06-12,12,3,3,33,4,0.0,45.0,78.75
3669,2026-05-22,91,1,3,32,3,0.02,37.410000000000004,65.4675
3670,2026-04-25,6,2,1,15,1,0.02,11.58,20.265
3671,2026-05-16,89,1,4,2,3,0.04,204.45000000000002,296.45250000000004
3672,2026-07-13,42,1,2,18,4,0.0,309.28,541.24
3673,2026-04-22,87,3,2,11,2,0.03,11.5,20.125
3674,2026-05-25,88,1,2,1,4,0.02,160.44,232.63799999999998
3675,2026-05-15,73,3,3,13,2,0.04,10.84,18.97
3676,2026-02-26,74,2,4,24,3,0.04,37.349999999999994,65.3625
3677,2026-05-11,86,1,3,13,3,0.02,16.259999999999998,28.455
3678,2026-08-07,25,3,3,17,3,0.01,196.35000000000002,343.6125
3679,2026-06-10,85,2,4,4,3,0.02,286.04999999999995,414.7725
3680,2026-01-17,97,3,2,16,4,0.04,216.6,379.05
3681,2026-01-13,40,2,3,21,1,0.02,2.25,3.9375
3682,2026-07-09,20,3,3,12,3,0.02,19.740000000000002,34.545
3683,2026-01-03,63,3,2,33,2,0.02,22.5,39.375
3684,2026-05-13,11,3,2,16,4,0.03,216.6,379.05
3685,2026-05-05,20,1,1,17,2,0.02,130.9,229.07500000000002
3686,2026-04-11,90,1,4,2,2,0.03,136.3,197.63500000000002
3687,2026-06-04,58,2,1,21,2,0.03,4.5,7.875
3688,2026-04-24,28,2,2,13,2,0.03,10.84,18.97
3689,2026-06-20,19,3,1,13,3,0.03,16.259999999999998,28.455
3690,2026-03-31,55,2,4,6,2,0.01,3.08,4.466
3691,2026-03-06,32,2,4,25,2,0.04,25.3,44.275
3692,2026-07-04,71,3,4,8,4,0.02,9.0,13.049999999999999
3693,2026-04-30,29,3,4,30,2,0.03,32.9,57.574999999999996
3694,2026-01-27,85,2,1,11,4,0.0,23.0,40.25
3695,2026-04-07,45,1,4,31,3,0.02,30.75,53.8125
3696,2026-03-06,72,1,4,18,1,0.0,77.32,135.31
3697,2026-01-03,92,2,4,2,3,0.03,204.45000000000002,296.45250000000004
3698,2026-01-23,6,3,2,31,2,0.02,20.5,35.875
3699,2026-01-02,40,3,1,1,2,0.05,80.22,116.31899999999999
3700,2026-03-23,70,1,2,33,4,0.02,45.0,78.75
3701,2026-04-08,64,3,2,11,2,0.0,11.5,20.125
3702,2026-07-21,95,2,1,27,3,0.02,23.97,41.9475
3703,2026-03-07,74,1,2,21,1,0.04,2.25,3.9375
3704,2026-06-04,80,2,3,31,1,0.02,10.25,17.9375
3705,2026-02-28,5,2,4,33,3,0.03,33.75,59.0625
3706,2026-01-23,31,2,4,33,2,0.01,22.5,39.375
3707,2026-05-04,7,2,3,7,3,0.04,43.5,63.074999999999996
3708,2026-02-07,49,3,1,30,1,0.03,16.45,28.787499999999998
3709,2026-04-03,13,1,3,33,1,0.05,11.25,19.6875
3710,2026-06-10,36,3,4,30,1,0.02,16.45,28.787499999999998
3711,2026-01-01,67,2,2,23,4,0.0,62.36,109.13
3712,2026-01-02,63,2,1,29,4,0.01,34.08,59.64
3713,2026-01-10,8,1,1,29,2,0.02,17.04,29.82
3714,2026-03-19,40,1,4,11,2,0.04,11.5,20.125
3715,2026-01-31,11,2,3,15,1,0.04,11.58,20.265
3716,2026-02-10,32,1,3,26,1,0.05,13.75,24.0625
3717,2026-03-17,80,3,2,13,2,0.0,10.84,18.97
3718,2026-06-12,44,2,1,9,4,0.01,8.6,15.049999999999999
3719,2026-01-02,98,1,1,6,3,0.02,4.62,6.699
3720,2026-04-15,84,1,2,4,4,0.04,381.4,553.03
3721,2026-07-13,70,2,2,5,3,0.03,462.75,670.9875
3722,2026-08-07,7,3,4,17,4,0.01,261.8,458.15000000000003
3723,2026-03-05,47,3,2,2,1,0.04,68.15,98.81750000000001
3724,2026-08-01,5,3,3,29,4,0.01,34.08,59.64
3725,2026-02-21,73,2,1,25,4,0.02,50.6,88.55
3726,2026-06-15,49,1,3,8,3,0.02,6.75,9.7875
3727,2026-02-03,92,3,4,18,3,0.04,231.95999999999998,405.93
3728,2026-07-28,94,1,3,8,2,0.01,4.5,6.5249999999999995
3729,2026-01-14,74,2,4,23,3,0.04,46.769999999999996,81.8475
3730,2026-04-29,44,3,2,28,4,0.03,30.08,52.64
3731,2026-06-11,72,3,1,6,1,0.0,1.54,2.233
3732,2026-03-06,21,1,1,2,3,0.04,204.45000000000002,296.45250000000004
3733,2026-01-21,5,2,2,15,3,0.0,34.74,60.795
3734,2026-07-31,62,1,1,16,3,0.0,162.45,284.2875
3735,2026-05-23,68,3,3,22,1,0.02,7.45,13.0375
3736,2026-07-04,52,1,2,2,3,0.02,204.45000000000002,296.45250000000004
3737,2026-03-07,17,2,2,7,1,0.03,14.5,21.025
3738,2026-03-09,8,3,1,23,1,0.04,15.59,27.2825
3739,2026-03-12,5,2,1,23,2,0.04,31.18,54.565
3740,2026-08-06,50,1,1,32,2,0.02,24.94,43.645
3741,2026-07-16,38,2,3,6,4,0.04,6.16,8.932
3742,2026-01-30,41,1,4,13,3,0.05,16.259999999999998,28.455
3743,2026-06-19,18,3,1,14,1,0.0,8.45,14.787499999999998
3744,2026-05-01,41,2,2,21,2,0.0,4.5,7.875
3745,2026-08-22,99,1,2,4,2,0.05,190.7,276.515
3746,2026-01-31,51,3,4,12,1,0.04,6.58,11.515
3747,2026-08-26,9,2,4,9,3,0.02,6.449999999999999,11.2875
3748,2026-02-18,34,1,1,6,2,0.02,3.08,4.466
3749,2026-08-11,80,3,1,6,4,0.04,6.16,8.932
3750,2026-06-20,80,3,3,2,4,0.03,272.6,395.27000000000004
3751,2026-03-12,44,3,4,16,2,0.02,108.3,189.525
3752,2026-04-13,12,1,1,27,2,0.02,15.98,27.965
3753,2026-05-23,79,1,2,28,4,0.0,30.08,52.64
3754,2026-04-23,24,3,3,30,2,0.04,32.9,57.574999999999996
3755,2026-07-25,92,2,2,9,4,0.01,8.6,15.049999999999999
3756,2026-03-03,51,2,4,9,2,0.03,4.3,7.5249999999999995
3757,2026-07-24,75,3,2,4,4,0.04,381.4,553.03
3758,2026-06-12,90,2,3,5,4,0.0,617.0,894.65
3759,2026-06-13,91,1,2,1,3,0.02,120.33,174.4785
3760,2026-07-10,16,1,3,10,4,0.02,13.4,23.45
3761,2026-07-28,76,2,4,6,3,0.01,4.62,6.699
3762,2026-06-08,94,3,3,26,4,0.05,55.0,96.25
3763,2026-08-28,54,2,2,26,4,0.02,55.0,96.25
3764,2026-05-09,53,1,2,18,4,0.0,309.28,541.24
3765,2026-02-16,33,3,4,22,1,0.05,7.45,13.0375
3766,2026-04-24,22,3,3,19,2,0.05,9.08,15.89
3767,2026-02-06,77,1,4,22,1,0.04,7.45,13.0375
3768,2026-06-01,79,3,2,32,1,0.0,12.47,21.8225
3769,2026-05-13,82,3,2,27,3,0.03,23.97,41.9475
3770,2026-01-13,43,1,1,19,2,0.03,9.08,15.89
3771,2026-04-09,5,2,3,34,1,0.01,9.89,17.3075
3772,2026-06-17,30,2,3,11,4,0.03,23.0,40.25
3773,2026-06-09,10,3,2,5,3,0.05,462.75,670.9875
3774,2026-08-04,51,1,3,14,1,0.04,8.45,14.787499999999998
3775,2026-05-09,91,2,3,2,4,0.01,272.6,395.27000000000004
3776,2026-04-08,89,3,2,26,3,0.0,41.25,72.1875
3777,2026-03-10,99,2,1,14,4,0.03,33.8,59.14999999999999
3778,2026-08-13,11,2,3,15,4,0.03,46.32,81.06
3779,2026-08-20,87,3,4,3,2,0.0,150.48,218.19599999999997
3780,2026-03-14,90,1,2,25,2,0.01,25.3,44.275
3781,2026-04-06,19,1,3,22,4,0.03,29.8,52.15
3782,2026-02-24,75,3,1,29,2,0.03,17.04,29.82
3783,2026-04-08,8,1,1,13,3,0.01,16.259999999999998,28.455
3784,2026-04-18,66,3,2,22,3,0.05,22.35,39.1125
3785,2026-05-26,40,1,4,17,3,0.01,196.35000000000002,343.6125
3786,2026-05-11,14,3,3,24,4,0.05,49.8,87.14999999999999
3787,2026-08-31,73,3,4,16,4,0.01,216.6,379.05
3788,2026-03-06,41,3,4,26,3,0.03,41.25,72.1875
3789,2026-04-07,64,1,1,27,4,0.0,31.96,55.93
3790,2026-08-05,40,2,3,7,3,0.05,43.5,63.074999999999996
3791,2026-03-09,63,2,1,11,4,0.01,23.0,40.25
3792,2026-06-09,44,2,3,18,4,0.02,309.28,541.24
3793,2026-05-20,25,2,1,33,2,0.02,22.5,39.375
3794,2026-01-20,80,2,2,21,3,0.01,6.75,11.8125
3795,2026-07-09,17,2,3,7,3,0.0,43.5,63.074999999999996
3796,2026-04-25,84,3,1,26,2,0.03,27.5,48.125
3797,2026-03-20,68,3,4,21,4,0.04,9.0,15.75
3798,2026-06-25,89,3,1,19,4,0.01,18.16,31.78
3799,2026-04-11,1,2,1,18,1,0.0,77.32,135.31
3800,2026-02-23,15,3,1,20,2,0.02,9.5,16.625
3801,2026-06-23,68,3,3,14,2,0.0,16.9,29.574999999999996
3802,2026-04-17,13,2,1,18,1,0.04,77.32,135.31
3803,2026-01-27,87,3,1,14,1,0.05,8.45,14.787499999999998
3804,2026-06-10,32,3,1,11,3,0.03,17.25,30.1875
3805,2026-05-01,67,2,3,19,4,0.03,18.16,31.78
3806,2026-05-08,65,3,2,15,4,0.01,46.32,81.06
3807,2026-06-11,74,3,3,13,2,0.02,10.84,18.97
3808,2026-08-17,4,3,3,14,4,0.03,33.8,59.14999999999999
3809,2026-01-02,71,1,3,14,1,0.02,8.45,14.787499999999998
3810,2026-08-11,40,1,1,3,2,0.01,150.48,218.19599999999997
3811,2026-07-16,58,2,2,27,3,0.03,23.97,41.9475
3812,2026-07-11,89,3,1,6,3,0.05,4.62,6.699
3813,2026-04-27,44,3,1,18,3,0.03,231.95999999999998,405.93
3814,2026-06-22,85,1,3,21,1,0.01,2.25,3.9375
3815,2026-01-30,86,2,2,5,1,0.02,154.25,223.6625
3816,2026-05-18,27,1,3,5,4,0.03,617.0,894.65
3817,2026-08-27,56,3,2,33,1,0.02,11.25,19.6875
3818,2026-02-19,46,1,4,25,4,0.03,50.6,88.55
3819,2026-01-01,13,2,4,33,3,0.03,33.75,59.0625
3820,2026-01-24,92,1,4,3,2,0.02,150.48,218.19599999999997
3821,2026-01-01,97,1,4,14,4,0.04,33.8,59.14999999999999
3822,2026-08-22,97,3,1,6,3,0.0,4.62,6.699
3823,2026-07-13,77,1,4,25,1,0.04,12.65,22.1375
3824,2026-01-14,25,3,4,26,1,0.04,13.75,24.0625
3825,2026-03-02,25,3,2,34,2,0.05,19.78,34.615
3826,2026-02-27,67,2,1,16,1,0.05,54.15,94.7625
3827,2026-01-28,59,1,3,1,3,0.03,120.33,174.4785
3828,2026-01-24,72,3,1,2,2,0.02,136.3,197.63500000000002
3829,2026-02-04,90,1,4,21,4,0.01,9.0,15.75
3830,2026-02-17,69,1,2,24,1,0.02,12.45,21.787499999999998
3831,2026-07-03,56,3,4,32,1,0.02,12.47,21.8225
3832,2026-04-25,37,3,3,4,3,0.02,286.04999999999995,414.7725
3833,2026-01-19,61,3,4,21,1,0.01,2.25,3.9375
3834,2026-07-08,71,3,2,27,4,0.04,31.96,55.93
3835,2026-03-04,12,3,2,32,4,0.0,49.88,87.29
3836,2026-03-14,14,2,3,12,1,0.05,6.58,11.515
3837,2026-05-20,81,1,4,30,3,0.03,49.349999999999994,86.3625
3838,2026-08-12,40,2,1,11,1,0.03,5.75,10.0625
3839,2026-07-18,66,3,4,8,2,0.04,4.5,6.5249999999999995
3840,2026-01-28,17,3,3,6,2,0.02,3.08,4.466
3841,2026-04-22,31,3,1,21,2,0.03,4.5,7.875
3842,2026-07-20,43,3,3,21,2,0.02,4.5,7.875
3843,2026-07-22,15,1,4,22,1,0.02,7.45,13.0375
3844,2026-07-21,65,1,4,17,1,0.0,65.45,114.53750000000001
3845,2026-07-06,50,1,4,26,3,0.01,41.25,72.1875
3846,2026-05-04,34,1,1,2,2,0.04,136.3,197.63500000000002
3847,2026-03-12,42,2,4,34,1,0.02,9.89,17.3075
3848,2026-08-26,60,3,3,16,1,0.03,54.15,94.7625
3849,2026-05-16,86,1,2,9,2,0.0,4.3,7.5249999999999995
3850,2026-07-29,79,3,1,21,3,0.01,6.75,11.8125
3851,2026-01-17,69,2,1,12,3,0.0,19.740000000000002,34.545
3852,2026-04-16,84,3,1,6,3,0.04,4.62,6.699
3853,2026-06-01,49,3,3,25,3,0.03,37.95,66.4125
3854,2026-06-05,11,2,4,14,4,0.04,33.8,59.14999999999999
3855,2026-08-26,69,1,4,15,4,0.03,46.32,81.06
3856,2026-03-24,47,1,2,9,4,0.04,8.6,15.049999999999999
3857,2026-04-06,96,2,1,18,2,0.04,154.64,270.62
3858,2026-03-12,20,3,3,5,3,0.02,462.75,670.9875
3859,2026-07-25,58,2,3,22,1,0.03,7.45,13.0375
3860,2026-02-13,47,2,4,6,3,0.02,4.62,6.699
3861,2026-04-14,66,3,4,26,1,0.0,13.75,24.0625
3862,2026-01-05,25,3,2,12,2,0.03,13.16,23.03
3863,2026-08-18,16,3,4,5,2,0.02,308.5,447.325
3864,2026-07-21,66,3,2,25,3,0.03,37.95,66.4125
3865,2026-07-18,24,2,4,30,1,0.02,16.45,28.787499999999998
3866,2026-02-16,61,2,1,26,4,0.03,55.0,96.25
3867,2026-01-24,18,1,2,1,2,0.05,80.22,116.31899999999999
3868,2026-02-25,16,2,4,27,1,0.01,7.99,13.9825
3869,2026-05-27,57,1,4,20,1,0.01,4.75,8.3125
3870,2026-04-04,56,3,4,4,2,0.05,190.7,276.515
3871,2026-02-12,95,2,3,21,3,0.02,6.75,11.8125
3872,2026-07-04,31,1,1,23,2,0.02,31.18,54.565
3873,2026-06-27,69,1,1,24,3,0.01,37.349999999999994,65.3625
3874,2026-02-20,47,3,4,29,1,0.02,8.52,14.91
3875,2026-07-31,21,1,3,16,3,0.0,162.45,284.2875
3876,2026-06-05,58,3,3,7,2,0.02,29.0,42.05
3877,2026-01-26,36,1,3,29,3,0.01,25.56,44.730000000000004
3878,2026-01-03,93,1,2,31,3,0.02,30.75,53.8125
3879,2026-08-27,69,3,4,5,4,0.04,617.0,894.65
3880,2026-04-13,99,1,4,28,1,0.02,7.52,13.16
3881,2026-02-16,36,1,4,8,4,0.01,9.0,13.049999999999999
3882,2026-07-20,54,1,1,24,4,0.01,49.8,87.14999999999999
3883,2026-07-18,28,1,3,33,3,0.01,33.75,59.0625
3884,2026-01-30,55,1,2,28,1,0.02,7.52,13.16
3885,2026-05-22,9,2,3,10,3,0.02,10.05,17.5875
3886,2026-04-13,13,3,2,10,4,0.04,13.4,23.45
3887,2026-03-05,23,1,1,23,2,0.01,31.18,54.565
3888,2026-01-21,91,2,3,14,1,0.03,8.45,14.787499999999998
3889,2026-08-25,6,2,3,17,2,0.01,130.9,229.07500000000002
3890,2026-03-03,40,3,2,11,1,0.03,5.75,10.0625
3891,2026-04-09,38,2,3,28,3,0.03,22.56,39.480000000000004
3892,2026-06-24,22,1,2,1,1,0.01,40.11,58.159499999999994
3893,2026-02-28,54,2,4,20,4,0.02,19.0,33.25
3894,2026-07-08,46,1,1,21,2,0.02,4.5,7.875
3895,2026-08-05,39,2,4,26,3,0.03,41.25,72.1875
3896,2026-03-23,91,3,4,18,3,0.01,231.95999999999998,405.93
3897,2026-06-16,24,3,4,24,1,0.03,12.45,21.787499999999998
3898,2026-08-17,86,2,1,12,2,0.02,13.16,23.03
3899,2026-06-25,2,2,4,16,1,0.04,54.15,94.7625
3900,2026-01-02,80,2,1,26,1,0.01,13.75,24.0625
3901,2026-08-17,6,1,3,4,3,0.03,286.04999999999995,414.7725
3902,2026-02-09,78,2,4,3,3,0.02,225.71999999999997,327.294
3903,2026-04-24,44,3,2,8,4,0.05,9.0,13.049999999999999
3904,2026-05-12,37,3,3,3,3,0.0,225.71999999999997,327.294
3905,2026-07-31,27,2,1,29,2,0.05,17.04,29.82
3906,2026-01-05,92,3,3,33,1,0.01,11.25,19.6875
3907,2026-05-04,48,3,4,1,2,0.02,80.22,116.31899999999999
3908,2026-04-15,51,3,1,31,4,0.02,41.0,71.75
3909,2026-07-29,85,3,1,6,2,0.04,3.08,4.466
3910,2026-06-03,78,1,3,31,4,0.04,41.0,71.75
3911,2026-03-10,81,1,4,5,2,0.04,308.5,447.325
3912,2026-04-03,67,3,3,30,2,0.05,32.9,57.574999999999996
3913,2026-01-02,49,1,4,7,2,0.03,29.0,42.05
3914,2026-02-13,12,3,1,19,1,0.01,4.54,7.945
3915,2026-01-09,64,2,2,33,4,0.01,45.0,78.75
3916,2026-04-18,53,3,3,32,4,0.01,49.88,87.29
3917,2026-02-10,85,3,2,6,4,0.03,6.16,8.932
3918,2026-08-28,28,2,2,5,1,0.02,154.25,223.6625
3919,2026-08-14,51,3,3,14,3,0.02,25.349999999999998,44.3625
3920,2026-06-26,35,2,1,9,2,0.04,4.3,7.5249999999999995
3921,2026-05-08,73,1,1,31,1,0.03,10.25,17.9375
3922,2026-08-28,4,1,1,7,3,0.05,43.5,63.074999999999996
3923,2026-01-09,62,3,2,22,3,0.01,22.35,39.1125
3924,2026-02-05,80,1,1,8,4,0.02,9.0,13.049999999999999
3925,2026-07-07,79,1,4,25,1,0.01,12.65,22.1375
3926,2026-01-27,86,3,4,21,1,0.01,2.25,3.9375
3927,2026-01-16,35,3,1,6,3,0.04,4.62,6.699
3928,2026-07-10,97,3,1,33,2,0.04,22.5,39.375
3929,2026-02-05,5,2,1,1,4,0.03,160.44,232.63799999999998
3930,2026-02-27,36,1,1,7,1,0.01,14.5,21.025
3931,2026-06-20,28,3,4,11,4,0.01,23.0,40.25
3932,2026-06-16,28,3,3,34,4,0.01,39.56,69.23
3933,2026-04-11,56,1,4,24,3,0.04,37.349999999999994,65.3625
3934,2026-07-23,54,1,3,33,3,0.04,33.75,59.0625
3935,2026-01-02,94,1,3,29,3,0.02,25.56,44.730000000000004
3936,2026-07-17,62,3,1,27,4,0.0,31.96,55.93
3937,2026-08-13,91,3,3,31,4,0.05,41.0,71.75
3938,2026-06-04,88,1,4,18,2,0.04,154.64,270.62
3939,2026-05-19,17,2,2,16,1,0.03,54.15,94.7625
3940,2026-06-20,59,3,2,34,1,0.0,9.89,17.3075
3941,2026-01-26,46,1,3,6,1,0.03,1.54,2.233
3942,2026-07-02,38,2,3,22,3,0.04,22.35,39.1125
3943,2026-03-09,40,3,2,28,4,0.03,30.08,52.64
3944,2026-06-03,3,1,4,12,1,0.01,6.58,11.515
3945,2026-03-17,86,2,3,21,2,0.05,4.5,7.875
3946,2026-01-29,60,1,1,18,4,0.05,309.28,541.24
3947,2026-06-11,49,3,2,18,4,0.01,309.28,541.24
3948,2026-07-18,59,2,1,3,4,0.04,300.96,436.39199999999994
3949,2026-07-30,81,2,4,24,2,0.05,24.9,43.574999999999996
3950,2026-02-09,10,2,3,5,4,0.04,617.0,894.65
3951,2026-07-28,13,3,3,29,4,0.04,34.08,59.64
3952,2026-04-23,33,3,4,25,2,0.04,25.3,44.275
3953,2026-01-31,68,2,4,20,3,0.02,14.25,24.9375
3954,2026-03-23,57,2,4,26,3,0.05,41.25,72.1875
3955,2026-01-13,7,3,1,1,3,0.02,120.33,174.4785
3956,2026-03-07,49,2,2,21,2,0.03,4.5,7.875
3957,2026-06-06,9,1,3,22,4,0.04,29.8,52.15
3958,2026-08-10,46,3,4,24,2,0.01,24.9,43.574999999999996
3959,2026-08-25,51,1,1,15,3,0.04,34.74,60.795
3960,2026-01-27,69,1,3,17,2,0.04,130.9,229.07500000000002
3961,2026-04-10,23,2,3,1,4,0.0,160.44,232.63799999999998
3962,2026-04-07,91,3,1,34,4,0.04,39.56,69.23
3963,2026-08-04,63,3,1,3,2,0.05,150.48,218.19599999999997
3964,2026-02-25,24,1,3,31,3,0.02,30.75,53.8125
3965,2026-02-06,13,2,1,23,4,0.01,62.36,109.13
3966,2026-03-25,50,2,2,4,1,0.03,95.35,138.2575
3967,2026-03-14,76,1,4,26,2,0.01,27.5,48.125
3968,2026-05-08,12,2,2,33,1,0.0,11.25,19.6875
3969,2026-01-21,12,2,1,22,3,0.04,22.35,39.1125
3970,2026-02-07,31,3,2,23,4,0.01,62.36,109.13
3971,2026-02-03,51,1,4,9,1,0.04,2.15,3.7624999999999997
3972,2026-06-12,8,1,2,18,3,0.02,231.95999999999998,405.93
3973,2026-04-28,33,2,3,14,3,0.05,25.349999999999998,44.3625
3974,2026-04-15,65,2,3,29,1,0.04,8.52,14.91
3975,2026-01-08,58,2,2,2,3,0.01,204.45000000000002,296.45250000000004
3976,2026-02-20,73,2,4,9,1,0.01,2.15,3.7624999999999997
3977,2026-06-27,10,1,1,11,3,0.0,17.25,30.1875
3978,2026-08-31,60,3,2,6,3,0.05,4.62,6.699
3979,2026-03-23,32,2,4,19,4,0.01,18.16,31.78
3980,2026-05-26,72,1,1,9,3,0.0,6.449999999999999,11.2875
3981,2026-08-10,69,3,1,10,2,0.01,6.7,11.725
3982,2026-08-11,69,2,2,21,1,0.04,2.25,3.9375
3983,2026-08-27,46,3,2,23,1,0.02,15.59,27.2825
3984,2026-05-16,26,1,4,20,1,0.05,4.75,8.3125
3985,2026-06-19,40,3,2,15,2,0.03,23.16,40.53
3986,2026-07-22,76,2,4,1,1,0.01,40.11,58.159499999999994
3987,2026-05-08,30,2,2,12,3,0.01,19.740000000000002,34.545
3988,2026-04-27,88,2,1,31,1,0.04,10.25,17.9375
3989,2026-08-08,44,3,4,23,2,0.01,31.18,54.565
3990,2026-02-10,56,3,3,3,1,0.01,75.24,109.09799999999998
3991,2026-01-23,25,3,4,5,1,0.01,154.25,223.6625
3992,2026-08-25,94,1,1,33,4,0.03,45.0,78.75
3993,2026-01-31,17,2,3,16,4,0.02,216.6,379.05
3994,2026-07-25,41,2,4,29,3,0.01,25.56,44.730000000000004
3995,2026-02-28,56,1,1,31,3,0.02,30.75,53.8125
3996,2026-02-17,58,2,2,15,4,0.05,46.32,81.06
3997,2026-05-19,98,3,2,2,2,0.04,136.3,197.63500000000002
3998,2026-06-05,21,3,3,4,3,0.05,286.04999999999995,414.7725
3999,2026-07-22,96,3,1,26,4,0.03,55.0,96.25
4000,2026-01-17,39,3,3,16,2,0.04,108.3,189.525
4001,2026-04-03,95,1,2,11,4,0.04,23.0,40.25
4002,2026-07-01,88,3,1,15,3,0.01,34.74,60.795
4003,2026-04-14,92,1,4,18,2,0.04,154.64,270.62
4004,2026-04-07,61,3,2,18,3,0.03,231.95999999999998,405.93
4005,2026-02-12,27,1,1,26,2,0.0,27.5,48.125
4006,2026-06-03,17,3,4,26,2,0.05,27.5,48.125
4007,2026-08-06,9,3,3,12,3,0.0,19.740000000000002,34.545
4008,2026-04-15,88,2,4,22,4,0.0,29.8,52.15
4009,2026-04-18,71,3,2,32,3,0.01,37.410000000000004,65.4675
4010,2026-01-26,65,2,3,10,3,0.03,10.05,17.5875
4011,2026-04-14,48,2,4,18,1,0.03,77.32,135.31
4012,2026-03-14,12,1,2,18,4,0.04,309.28,541.24
4013,2026-08-01,63,2,1,27,4,0.04,31.96,55.93
4014,2026-01-10,17,3,3,22,4,0.02,29.8,52.15
4015,2026-02-26,27,2,2,10,4,0.02,13.4,23.45
4016,2026-08-22,90,1,3,24,4,0.04,49.8,87.14999999999999
4017,2026-05-13,42,1,2,6,2,0.0,3.08,4.466
4018,2026-04-09,16,3,3,6,1,0.04,1.54,2.233
4019,2026-01-02,36,2,2,19,1,0.0,4.54,7.945
4020,2026-04-02,58,1,4,21,1,0.03,2.25,3.9375
4021,2026-03-09,2,3,3,34,4,0.0,39.56,69.23
4022,2026-07-03,37,1,3,6,2,0.01,3.08,4.466
4023,2026-08-08,51,2,4,4,1,0.05,95.35,138.2575
4024,2026-02-05,38,2,4,7,4,0.03,58.0,84.1
4025,2026-08-18,22,1,4,9,2,0.04,4.3,7.5249999999999995
4026,2026-01-27,35,1,1,20,2,0.0,9.5,16.625
4027,2026-02-21,42,1,2,33,4,0.04,45.0,78.75
4028,2026-01-21,22,2,3,32,4,0.01,49.88,87.29
4029,2026-03-14,16,2,3,6,3,0.04,4.62,6.699
4030,2026-01-01,25,3,3,34,1,0.03,9.89,17.3075
4031,2026-04-14,39,1,3,2,2,0.0,136.3,197.63500000000002
4032,2026-03-10,95,3,2,15,4,0.04,46.32,81.06
4033,2026-01-29,7,2,3,14,4,0.04,33.8,59.14999999999999
4034,2026-01-20,74,3,1,1,1,0.03,40.11,58.159499999999994
4035,2026-02-19,71,3,1,27,4,0.01,31.96,55.93
4036,2026-01-24,53,2,3,11,3,0.04,17.25,30.1875
4037,2026-08-14,87,1,4,9,1,0.04,2.15,3.7624999999999997
4038,2026-07-22,5,1,3,11,1,0.02,5.75,10.0625
4039,2026-06-08,20,1,3,3,2,0.05,150.48,218.19599999999997
4040,2026-05-04,23,3,2,21,2,0.05,4.5,7.875
4041,2026-07-02,78,2,4,6,1,0.0,1.54,2.233
4042,2026-07-08,65,1,2,21,4,0.02,9.0,15.75
4043,2026-05-25,39,2,2,7,3,0.01,43.5,63.074999999999996
4044,2026-04-28,52,1,2,6,4,0.05,6.16,8.932
4045,2026-04-15,55,3,1,19,4,0.01,18.16,31.78
4046,2026-08-26,81,3,1,31,1,0.02,10.25,17.9375
4047,2026-04-22,42,3,2,31,1,0.03,10.25,17.9375
4048,2026-03-10,21,2,4,12,2,0.02,13.16,23.03
4049,2026-04-21,5,1,3,16,1,0.02,54.15,94.7625
4050,2026-05-15,62,3,2,27,3,0.05,23.97,41.9475
4051,2026-04-22,45,3,2,15,2,0.05,23.16,40.53
4052,2026-03-11,93,2,1,18,4,0.05,309.28,541.24
4053,2026-07-06,49,2,1,10,4,0.01,13.4,23.45
4054,2026-05-29,74,3,3,16,3,0.05,162.45,284.2875
4055,2026-01-27,33,1,3,3,1,0.04,75.24,109.09799999999998
4056,2026-05-18,76,3,3,14,2,0.03,16.9,29.574999999999996
4057,2026-02-17,16,1,2,5,1,0.0,154.25,223.6625
4058,2026-07-23,39,2,4,17,4,0.02,261.8,458.15000000000003
4059,2026-01-02,32,2,3,32,1,0.0,12.47,21.8225
4060,2026-01-20,80,1,1,9,1,0.01,2.15,3.7624999999999997
4061,2026-01-22,53,2,4,12,3,0.01,19.740000000000002,34.545
4062,2026-01-24,75,1,2,8,2,0.05,4.5,6.5249999999999995
4063,2026-06-05,2,2,3,19,2,0.01,9.08,15.89
4064,2026-07-09,50,2,1,18,1,0.05,77.32,135.31
4065,2026-07-03,16,2,2,19,2,0.03,9.08,15.89
4066,2026-08-03,6,2,1,33,3,0.01,33.75,59.0625
4067,2026-04-29,11,3,1,2,1,0.03,68.15,98.81750000000001
4068,2026-01-26,29,3,4,4,2,0.05,190.7,276.515
4069,2026-08-27,67,3,3,11,2,0.03,11.5,20.125
4070,2026-05-23,7,1,3,3,1,0.01,75.24,109.09799999999998
4071,2026-02-05,64,3,1,31,2,0.03,20.5,35.875
4072,2026-04-09,43,2,4,1,2,0.0,80.22,116.31899999999999
4073,2026-05-21,45,2,4,14,4,0.01,33.8,59.14999999999999
4074,2026-08-15,16,2,4,15,3,0.01,34.74,60.795
4075,2026-07-21,44,1,4,15,1,0.03,11.58,20.265
4076,2026-03-24,81,1,1,13,1,0.0,5.42,9.485
4077,2026-06-13,14,2,2,2,3,0.03,204.45000000000002,296.45250000000004
4078,2026-01-27,58,1,1,23,1,0.01,15.59,27.2825
4079,2026-01-08,18,2,2,29,3,0.02,25.56,44.730000000000004
4080,2026-02-25,55,2,4,34,1,0.01,9.89,17.3075
4081,2026-08-11,20,1,2,23,1,0.02,15.59,27.2825
4082,2026-08-12,74,1,2,8,3,0.0,6.75,9.7875
4083,2026-04-11,14,3,1,27,2,0.05,15.98,27.965
4084,2026-01-23,48,2,2,11,1,0.03,5.75,10.0625
4085,2026-01-03,43,3,4,17,4,0.04,261.8,458.15000000000003
4086,2026-07-02,96,2,3,29,1,0.0,8.52,14.91
4087,2026-05-16,56,1,1,9,3,0.02,6.449999999999999,11.2875
4088,2026-04-27,98,1,3,7,3,0.01,43.5,63.074999999999996
4089,2026-02-16,83,2,4,16,4,0.03,216.6,379.05
4090,2026-06-19,52,1,4,24,2,0.05,24.9,43.574999999999996
4091,2026-06-06,45,1,1,9,2,0.04,4.3,7.5249999999999995
4092,2026-06-30,21,1,2,1,1,0.01,40.11,58.159499999999994
4093,2026-03-09,39,2,2,26,4,0.04,55.0,96.25
4094,2026-01-27,42,2,3,32,3,0.02,37.410000000000004,65.4675
4095,2026-03-03,52,1,2,2,3,0.05,204.45000000000002,296.45250000000004
4096,2026-01-31,59,3,2,25,2,0.02,25.3,44.275
4097,2026-06-24,64,3,3,13,4,0.04,21.68,37.94
4098,2026-03-27,86,2,3,26,4,0.04,55.0,96.25
4099,2026-06-30,28,2,2,34,1,0.0,9.89,17.3075
4100,2026-02-12,27,2,2,14,3,0.0,25.349999999999998,44.3625
4101,2026-07-03,92,3,2,12,2,0.02,13.16,23.03
4102,2026-06-27,30,3,1,22,3,0.03,22.35,39.1125
4103,2026-06-08,38,1,2,20,3,0.02,14.25,24.9375
4104,2026-03-30,25,2,3,26,2,0.04,27.5,48.125
4105,2026-04-20,35,2,1,4,3,0.05,286.04999999999995,414.7725
4106,2026-08-22,80,1,3,15,4,0.02,46.32,81.06
4107,2026-02-27,1,2,2,1,4,0.05,160.44,232.63799999999998
4108,2026-08-11,26,2,2,1,1,0.0,40.11,58.159499999999994
4109,2026-05-15,70,2,2,15,1,0.01,11.58,20.265
4110,2026-03-27,96,1,1,31,2,0.01,20.5,35.875
4111,2026-01-09,85,3,4,1,4,0.0,160.44,232.63799999999998
4112,2026-03-20,18,1,1,3,4,0.04,300.96,436.39199999999994
4113,2026-05-01,93,1,3,33,1,0.04,11.25,19.6875
4114,2026-08-29,4,2,3,24,4,0.05,49.8,87.14999999999999
4115,2026-03-13,94,3,1,23,4,0.04,62.36,109.13
4116,2026-06-16,78,3,4,4,2,0.0,190.7,276.515
4117,2026-08-06,29,3,2,2,1,0.03,68.15,98.81750000000001
4118,2026-02-20,72,2,1,20,3,0.01,14.25,24.9375
4119,2026-05-08,71,2,1,21,3,0.02,6.75,11.8125
4120,2026-07-02,78,3,3,15,3,0.01,34.74,60.795
4121,2026-02-05,64,2,1,13,3,0.04,16.259999999999998,28.455
4122,2026-06-23,77,2,2,2,4,0.04,272.6,395.27000000000004
4123,2026-07-15,62,1,2,32,1,0.03,12.47,21.8225
4124,2026-06-19,1,2,2,19,4,0.01,18.16,31.78
4125,2026-07-04,19,1,3,26,3,0.03,41.25,72.1875
4126,2026-02-17,80,3,4,34,1,0.02,9.89,17.3075
4127,2026-01-12,86,2,1,19,3,0.04,13.620000000000001,23.835
4128,2026-07-06,59,2,3,21,2,0.01,4.5,7.875
4129,2026-07-27,15,3,4,19,3,0.02,13.620000000000001,23.835
4130,2026-01-17,81,2,4,33,4,0.04,45.0,78.75
4131,2026-05-25,28,1,4,34,4,0.02,39.56,69.23
4132,2026-05-11,13,2,4,17,1,0.03,65.45,114.53750000000001
4133,2026-05-26,41,1,3,27,4,0.04,31.96,55.93
4134,2026-05-28,23,3,2,2,2,0.03,136.3,197.63500000000002
4135,2026-01-27,46,2,1,3,1,0.01,75.24,109.09799999999998
4136,2026-02-02,95,2,3,34,3,0.02,29.67,51.9225
4137,2026-04-06,95,2,4,3,1,0.03,75.24,109.09799999999998
4138,2026-02-23,2,1,1,13,4,0.03,21.68,37.94
4139,2026-08-15,95,1,1,17,1,0.01,65.45,114.53750000000001
4140,2026-07-23,29,1,1,22,1,0.01,7.45,13.0375
4141,2026-06-02,65,1,4,25,1,0.01,12.65,22.1375
4142,2026-02-17,75,2,4,1,4,0.01,160.44,232.63799999999998
4143,2026-06-11,5,3,1,22,1,0.03,7.45,13.0375
4144,2026-01-22,98,3,3,20,3,0.04,14.25,24.9375
4145,2026-04-13,49,3,1,21,4,0.03,9.0,15.75
4146,2026-05-06,76,1,4,4,1,0.03,95.35,138.2575
4147,2026-06-12,94,3,3,11,2,0.02,11.5,20.125
4148,2026-01-26,45,1,3,3,3,0.03,225.71999999999997,327.294
4149,2026-03-16,27,2,4,30,3,0.05,49.349999999999994,86.3625
4150,2026-05-07,91,3,3,23,4,0.0,62.36,109.13
4151,2026-01-20,57,1,1,16,4,0.0,216.6,379.05
4152,2026-01-21,87,2,2,21,1,0.05,2.25,3.9375
4153,2026-05-29,88,1,3,3,2,0.05,150.48,218.19599999999997
4154,2026-06-17,73,1,4,14,2,0.03,16.9,29.574999999999996
4155,2026-08-24,61,2,3,17,2,0.01,130.9,229.07500000000002
4156,2026-01-05,32,1,4,3,1,0.04,75.24,109.09799999999998
4157,2026-06-30,45,2,3,25,4,0.04,50.6,88.55
4158,2026-06-02,61,3,1,32,3,0.05,37.410000000000004,65.4675
4159,2026-01-24,94,3,4,33,4,0.05,45.0,78.75
4160,2026-03-13,4,2,2,1,4,0.03,160.44,232.63799999999998
4161,2026-08-12,34,3,4,12,3,0.04,19.740000000000002,34.545
4162,2026-07-06,91,1,4,29,4,0.02,34.08,59.64
4163,2026-03-17,45,3,2,6,3,0.04,4.62,6.699
4164,2026-03-28,7,2,4,24,4,0.04,49.8,87.14999999999999
4165,2026-02-06,57,3,3,8,2,0.0,4.5,6.5249999999999995
4166,2026-06-17,81,3,1,23,4,0.03,62.36,109.13
4167,2026-01-13,33,2,3,31,4,0.03,41.0,71.75
4168,2026-07-23,79,1,2,9,3,0.04,6.449999999999999,11.2875
4169,2026-08-26,67,3,3,12,3,0.0,19.740000000000002,34.545
4170,2026-05-01,3,1,4,16,4,0.0,216.6,379.05
4171,2026-01-03,70,3,2,11,3,0.02,17.25,30.1875
4172,2026-06-06,31,3,3,6,2,0.04,3.08,4.466
4173,2026-06-09,19,2,1,18,4,0.03,309.28,541.24
4174,2026-04-17,25,1,2,26,1,0.02,13.75,24.0625
4175,2026-01-07,95,1,1,9,1,0.05,2.15,3.7624999999999997
4176,2026-03-27,56,2,1,18,2,0.01,154.64,270.62
4177,2026-04-04,99,1,2,7,1,0.04,14.5,21.025
4178,2026-05-11,85,1,4,31,2,0.05,20.5,35.875
4179,2026-01-31,53,1,1,14,2,0.03,16.9,29.574999999999996
4180,2026-07-09,19,3,1,12,3,0.03,19.740000000000002,34.545
4181,2026-03-17,71,2,4,23,4,0.0,62.36,109.13
4182,2026-05-28,32,2,4,28,4,0.04,30.08,52.64
4183,2026-07-17,14,3,2,9,2,0.0,4.3,7.5249999999999995
4184,2026-07-27,46,2,3,3,2,0.02,150.48,218.19599999999997
4185,2026-06-29,64,1,4,28,2,0.0,15.04,26.32
4186,2026-06-01,36,1,3,26,3,0.01,41.25,72.1875
4187,2026-08-01,55,3,3,33,4,0.05,45.0,78.75
4188,2026-07-20,98,3,4,32,2,0.04,24.94,43.645
4189,2026-05-28,16,1,3,3,2,0.0,150.48,218.19599999999997
4190,2026-05-22,20,2,1,25,2,0.02,25.3,44.275
4191,2026-03-14,60,2,3,12,2,0.01,13.16,23.03
4192,2026-05-30,85,1,3,26,4,0.01,55.0,96.25
4193,2026-08-12,44,1,3,34,4,0.02,39.56,69.23
4194,2026-01-14,25,2,2,2,3,0.03,204.45000000000002,296.45250000000004
4195,2026-08-17,52,1,1,6,3,0.04,4.62,6.699
4196,2026-06-24,72,3,2,6,4,0.04,6.16,8.932
4197,2026-01-22,78,1,3,4,2,0.05,190.7,276.515
4198,2026-02-24,78,1,2,31,4,0.04,41.0,71.75
4199,2026-07-15,74,3,4,24,4,0.04,49.8,87.14999999999999
4200,2026-05-28,59,2,2,30,4,0.02,65.8,115.14999999999999
4201,2026-07-17,92,2,3,3,4,0.04,300.96,436.39199999999994
4202,2026-05-13,35,3,2,29,1,0.04,8.52,14.91
4203,2026-02-17,88,3,1,31,1,0.01,10.25,17.9375
4204,2026-05-18,44,2,4,10,4,0.03,13.4,23.45
4205,2026-05-12,44,3,1,2,4,0.01,272.6,395.27000000000004
4206,2026-03-30,61,3,3,19,4,0.01,18.16,31.78
4207,2026-07-28,54,2,4,20,3,0.01,14.25,24.9375
4208,2026-02-02,23,2,4,7,2,0.03,29.0,42.05
4209,2026-03-09,23,2,1,2,1,0.04,68.15,98.81750000000001
4210,2026-08-31,39,3,4,12,4,0.04,26.32,46.06
4211,2026-06-25,19,3,4,17,3,0.04,196.35000000000002,343.6125
4212,2026-06-11,43,3,2,26,2,0.0,27.5,48.125
4213,2026-06-11,27,3,4,8,1,0.05,2.25,3.2624999999999997
4214,2026-06-02,37,3,4,11,4,0.04,23.0,40.25
4215,2026-05-26,10,1,1,14,1,0.01,8.45,14.787499999999998
4216,2026-03-02,99,3,4,32,2,0.02,24.94,43.645
4217,2026-08-19,57,3,2,11,2,0.05,11.5,20.125
4218,2026-05-05,4,2,2,4,3,0.05,286.04999999999995,414.7725
4219,2026-08-07,73,1,3,5,4,0.02,617.0,894.65
4220,2026-08-24,99,3,2,25,3,0.02,37.95,66.4125
4221,2026-08-31,9,2,4,20,4,0.02,19.0,33.25
4222,2026-08-18,13,2,3,31,2,0.03,20.5,35.875
4223,2026-07-04,23,1,1,11,2,0.01,11.5,20.125
4224,2026-06-01,60,3,1,13,2,0.02,10.84,18.97
4225,2026-07-17,92,1,2,11,2,0.05,11.5,20.125
4226,2026-07-07,92,1,1,24,1,0.03,12.45,21.787499999999998
4227,2026-07-06,96,3,1,17,4,0.05,261.8,458.15000000000003
4228,2026-07-24,25,3,1,10,2,0.03,6.7,11.725
4229,2026-06-29,38,2,3,11,2,0.04,11.5,20.125
4230,2026-08-20,68,2,3,2,4,0.02,272.6,395.27000000000004
4231,2026-04-08,48,2,2,26,3,0.02,41.25,72.1875
4232,2026-07-31,31,2,1,10,4,0.04,13.4,23.45
4233,2026-06-05,37,2,2,13,1,0.01,5.42,9.485
4234,2026-01-21,13,3,2,23,1,0.02,15.59,27.2825
4235,2026-03-18,55,1,2,7,3,0.01,43.5,63.074999999999996
4236,2026-08-26,57,3,1,21,2,0.03,4.5,7.875
4237,2026-05-01,58,2,3,3,2,0.04,150.48,218.19599999999997
4238,2026-05-19,99,3,1,32,2,0.05,24.94,43.645
4239,2026-05-23,81,3,2,1,4,0.03,160.44,232.63799999999998
4240,2026-01-17,43,1,4,24,3,0.04,37.349999999999994,65.3625
4241,2026-02-27,15,3,3,26,1,0.05,13.75,24.0625
4242,2026-04-03,89,3,3,13,3,0.03,16.259999999999998,28.455
4243,2026-01-10,33,2,4,27,2,0.0,15.98,27.965
4244,2026-05-06,59,3,4,2,2,0.0,136.3,197.63500000000002
4245,2026-03-13,13,1,3,23,4,0.01,62.36,109.13
4246,2026-06-30,28,1,2,29,1,0.0,8.52,14.91
4247,2026-01-23,91,3,1,32,4,0.0,49.88,87.29
4248,2026-03-18,78,1,1,23,4,0.02,62.36,109.13
4249,2026-03-25,37,3,3,21,4,0.02,9.0,15.75
4250,2026-07-07,46,3,4,27,1,0.01,7.99,13.9825
4251,2026-05-25,27,1,2,13,3,0.02,16.259999999999998,28.455
4252,2026-04-29,57,3,3,11,1,0.04,5.75,10.0625
4253,2026-01-10,90,3,3,16,1,0.05,54.15,94.7625
4254,2026-01-27,67,1,2,32,3,0.03,37.410000000000004,65.4675
4255,2026-07-21,3,2,2,3,1,0.04,75.24,109.09799999999998
4256,2026-02-28,27,3,1,10,3,0.01,10.05,17.5875
4257,2026-08-18,3,2,2,17,4,0.0,261.8,458.15000000000003
4258,2026-05-30,52,3,2,8,3,0.04,6.75,9.7875
4259,2026-08-01,72,1,3,17,3,0.04,196.35000000000002,343.6125
4260,2026-06-23,94,3,1,32,2,0.01,24.94,43.645
4261,2026-02-18,30,3,3,27,3,0.01,23.97,41.9475
4262,2026-02-12,11,2,2,25,1,0.04,12.65,22.1375
4263,2026-01-01,58,2,4,9,4,0.01,8.6,15.049999999999999
4264,2026-07-30,70,1,3,22,2,0.03,14.9,26.075
4265,2026-08-14,84,3,1,33,2,0.01,22.5,39.375
4266,2026-03-17,74,2,1,19,2,0.04,9.08,15.89
4267,2026-07-31,93,1,2,22,4,0.04,29.8,52.15
4268,2026-03-19,96,3,1,19,4,0.03,18.16,31.78
4269,2026-04-24,58,3,3,30,4,0.02,65.8,115.14999999999999
4270,2026-07-31,2,2,4,1,2,0.05,80.22,116.31899999999999
4271,2026-04-14,60,1,1,18,3,0.05,231.95999999999998,405.93
4272,2026-01-17,68,2,1,24,1,0.03,12.45,21.787499999999998
4273,2026-06-02,68,3,4,18,2,0.04,154.64,270.62
4274,2026-07-20,97,2,1,32,1,0.04,12.47,21.8225
4275,2026-05-20,94,2,4,6,2,0.01,3.08,4.466
4276,2026-05-12,30,3,3,20,4,0.03,19.0,33.25
4277,2026-02-21,97,3,2,13,1,0.01,5.42,9.485
4278,2026-01-26,52,1,3,28,1,0.03,7.52,13.16
4279,2026-08-20,94,1,3,17,4,0.01,261.8,458.15000000000003
4280,2026-08-15,34,2,3,8,2,0.0,4.5,6.5249999999999995
4281,2026-06-20,80,3,4,31,4,0.01,41.0,71.75
4282,2026-05-27,96,3,4,33,1,0.04,11.25,19.6875
4283,2026-03-25,94,2,1,3,2,0.01,150.48,218.19599999999997
4284,2026-08-22,59,3,1,9,1,0.04,2.15,3.7624999999999997
4285,2026-07-22,25,1,4,23,2,0.0,31.18,54.565
4286,2026-04-30,50,1,3,7,4,0.01,58.0,84.1
4287,2026-04-25,84,1,3,4,4,0.03,381.4,553.03
4288,2026-03-19,35,3,1,23,2,0.0,31.18,54.565
4289,2026-05-30,22,2,3,29,3,0.01,25.56,44.730000000000004
4290,2026-05-25,54,3,4,9,4,0.0,8.6,15.049999999999999
4291,2026-08-20,89,3,1,4,4,0.04,381.4,553.03
4292,2026-01-17,35,1,4,11,4,0.03,23.0,40.25
4293,2026-07-21,2,1,4,22,2,0.03,14.9,26.075
4294,2026-03-31,67,1,3,16,2,0.02,108.3,189.525
4295,2026-03-04,42,1,3,18,2,0.02,154.64,270.62
4296,2026-05-12,77,3,4,26,4,0.01,55.0,96.25
4297,2026-03-06,48,1,3,1,4,0.01,160.44,232.63799999999998
4298,2026-03-30,48,2,1,24,2,0.04,24.9,43.574999999999996
4299,2026-07-30,52,2,2,19,4,0.03,18.16,31.78
4300,2026-06-12,84,3,4,12,4,0.03,26.32,46.06
4301,2026-07-16,57,3,2,22,2,0.03,14.9,26.075
4302,2026-05-29,32,2,3,3,3,0.0,225.71999999999997,327.294
4303,2026-04-20,27,3,1,33,1,0.05,11.25,19.6875
4304,2026-03-31,95,1,4,22,2,0.04,14.9,26.075
4305,2026-04-16,42,1,2,11,3,0.02,17.25,30.1875
4306,2026-06-05,15,1,1,11,2,0.02,11.5,20.125
4307,2026-07-08,96,2,1,34,1,0.02,9.89,17.3075
4308,2026-02-17,43,2,2,21,2,0.03,4.5,7.875
4309,2026-07-30,50,2,1,11,3,0.0,17.25,30.1875
4310,2026-06-11,65,1,4,20,4,0.05,19.0,33.25
4311,2026-08-29,54,1,3,9,4,0.02,8.6,15.049999999999999
4312,2026-06-30,17,3,1,15,2,0.04,23.16,40.53
4313,2026-06-05,84,2,4,3,4,0.0,300.96,436.39199999999994
4314,2026-08-14,44,1,2,12,2,0.04,13.16,23.03
4315,2026-07-03,94,2,2,15,1,0.04,11.58,20.265
4316,2026-01-20,74,3,4,19,4,0.02,18.16,31.78
4317,2026-05-11,11,3,2,27,4,0.04,31.96,55.93
4318,2026-02-04,27,1,2,33,1,0.02,11.25,19.6875
4319,2026-04-13,60,2,4,12,3,0.04,19.740000000000002,34.545
4320,2026-03-26,52,3,1,18,3,0.03,231.95999999999998,405.93
4321,2026-03-31,16,2,1,22,4,0.05,29.8,52.15
4322,2026-04-17,33,3,2,26,1,0.03,13.75,24.0625
4323,2026-04-28,5,1,4,20,1,0.04,4.75,8.3125
4324,2026-08-22,28,2,4,27,2,0.04,15.98,27.965
4325,2026-03-20,94,1,4,28,3,0.02,22.56,39.480000000000004
4326,2026-05-02,33,2,3,32,1,0.05,12.47,21.8225
4327,2026-02-26,67,1,2,12,1,0.01,6.58,11.515
4328,2026-04-06,1,1,3,24,4,0.05,49.8,87.14999999999999
4329,2026-05-18,93,3,3,30,1,0.03,16.45,28.787499999999998
4330,2026-01-16,89,1,4,10,1,0.05,3.35,5.8625
4331,2026-01-05,72,1,3,2,4,0.04,272.6,395.27000000000004
4332,2026-05-08,90,3,4,5,4,0.05,617.0,894.65
4333,2026-08-10,22,1,2,6,3,0.05,4.62,6.699
4334,2026-04-03,52,3,4,6,4,0.04,6.16,8.932
4335,2026-03-17,72,3,1,2,3,0.0,204.45000000000002,296.45250000000004
4336,2026-03-14,17,2,1,16,3,0.02,162.45,284.2875
4337,2026-01-20,98,1,2,10,2,0.04,6.7,11.725
4338,2026-05-13,3,1,1,9,1,0.04,2.15,3.7624999999999997
4339,2026-07-11,54,1,1,24,4,0.05,49.8,87.14999999999999
4340,2026-05-25,20,2,1,28,2,0.01,15.04,26.32
4341,2026-05-06,45,2,4,3,3,0.02,225.71999999999997,327.294
4342,2026-06-09,5,1,4,16,2,0.0,108.3,189.525
4343,2026-07-14,84,1,3,24,3,0.04,37.349999999999994,65.3625
4344,2026-07-14,26,1,3,9,4,0.0,8.6,15.049999999999999
4345,2026-02-14,34,2,2,32,1,0.0,12.47,21.8225
4346,2026-05-11,27,3,3,20,2,0.03,9.5,16.625
4347,2026-02-07,14,3,3,33,1,0.01,11.25,19.6875
4348,2026-01-19,84,3,1,2,3,0.02,204.45000000000002,296.45250000000004
4349,2026-05-19,44,2,2,18,3,0.05,231.95999999999998,405.93
4350,2026-07-14,10,3,2,21,1,0.04,2.25,3.9375
4351,2026-03-20,31,2,2,18,2,0.02,154.64,270.62
4352,2026-01-30,66,3,1,9,3,0.04,6.449999999999999,11.2875
4353,2026-03-14,13,2,2,21,3,0.04,6.75,11.8125
4354,2026-01-08,30,1,2,28,3,0.04,22.56,39.480000000000004
4355,2026-03-16,22,1,4,27,4,0.05,31.96,55.93
4356,2026-08-21,74,2,3,33,4,0.02,45.0,78.75
4357,2026-03-21,69,3,4,14,2,0.03,16.9,29.574999999999996
4358,2026-03-30,50,1,3,17,4,0.03,261.8,458.15000000000003
4359,2026-06-19,54,1,4,20,1,0.03,4.75,8.3125
4360,2026-06-08,73,3,4,16,1,0.01,54.15,94.7625
4361,2026-03-18,48,2,4,4,4,0.03,381.4,553.03
4362,2026-08-19,42,3,1,17,2,0.04,130.9,229.07500000000002
4363,2026-08-08,81,1,1,9,3,0.0,6.449999999999999,11.2875
4364,2026-08-31,73,2,2,24,1,0.0,12.45,21.787499999999998
4365,2026-01-01,9,1,3,21,4,0.02,9.0,15.75
4366,2026-07-11,86,2,1,20,3,0.04,14.25,24.9375
4367,2026-06-30,68,2,1,1,2,0.03,80.22,116.31899999999999
4368,2026-06-05,66,3,1,25,1,0.05,12.65,22.1375
4369,2026-02-16,70,3,2,11,2,0.0,11.5,20.125
4370,2026-07-13,76,3,4,29,2,0.03,17.04,29.82
4371,2026-05-25,48,1,1,14,3,0.04,25.349999999999998,44.3625
4372,2026-02-03,68,1,3,30,3,0.01,49.349999999999994,86.3625
4373,2026-04-25,43,2,3,31,2,0.03,20.5,35.875
4374,2026-08-15,43,2,4,22,3,0.01,22.35,39.1125
4375,2026-02-09,6,3,3,19,1,0.03,4.54,7.945
4376,2026-05-14,81,3,4,31,4,0.02,41.0,71.75
4377,2026-07-15,43,3,1,15,3,0.01,34.74,60.795
4378,2026-02-24,82,1,3,23,4,0.05,62.36,109.13
4379,2026-04-25,78,1,2,16,1,0.04,54.15,94.7625
4380,2026-05-28,98,3,2,15,3,0.03,34.74,60.795
4381,2026-07-30,32,3,1,21,3,0.01,6.75,11.8125
4382,2026-08-13,42,1,3,12,1,0.02,6.58,11.515
4383,2026-03-21,82,3,3,8,2,0.01,4.5,6.5249999999999995
4384,2026-06-23,91,3,2,21,1,0.05,2.25,3.9375
4385,2026-03-10,55,2,4,20,2,0.04,9.5,16.625
4386,2026-01-03,8,1,4,14,1,0.04,8.45,14.787499999999998
4387,2026-02-04,60,1,4,26,4,0.0,55.0,96.25
4388,2026-01-20,41,2,3,16,4,0.03,216.6,379.05
4389,2026-02-24,39,2,1,29,2,0.04,17.04,29.82
4390,2026-08-14,90,1,1,2,2,0.05,136.3,197.63500000000002
4391,2026-02-02,25,2,2,24,1,0.02,12.45,21.787499999999998
4392,2026-02-03,8,1,4,28,3,0.01,22.56,39.480000000000004
4393,2026-07-18,5,1,1,20,3,0.04,14.25,24.9375
4394,2026-06-19,26,1,4,31,4,0.03,41.0,71.75
4395,2026-03-11,44,1,4,23,2,0.01,31.18,54.565
4396,2026-07-03,96,2,1,1,1,0.0,40.11,58.159499999999994
4397,2026-02-04,31,1,4,20,4,0.0,19.0,33.25
4398,2026-03-16,5,1,1,12,3,0.01,19.740000000000002,34.545
4399,2026-07-29,14,1,1,9,4,0.05,8.6,15.049999999999999
4400,2026-01-16,84,1,1,29,3,0.04,25.56,44.730000000000004
4401,2026-05-05,88,1,4,23,3,0.04,46.769999999999996,81.8475
4402,2026-03-13,28,1,1,2,2,0.05,136.3,197.63500000000002
4403,2026-05-20,96,1,3,4,1,0.01,95.35,138.2575
4404,2026-07-13,18,2,2,24,1,0.02,12.45,21.787499999999998
4405,2026-08-21,79,3,3,25,3,0.0,37.95,66.4125
4406,2026-08-07,27,3,3,10,3,0.02,10.05,17.5875
4407,2026-03-04,38,3,2,21,4,0.02,9.0,15.75
4408,2026-08-28,51,3,4,11,4,0.02,23.0,40.25
4409,2026-08-15,5,2,1,17,2,0.01,130.9,229.07500000000002
4410,2026-05-16,18,1,4,28,2,0.02,15.04,26.32
4411,2026-06-15,80,1,2,22,1,0.0,7.45,13.0375
4412,2026-03-12,2,2,2,33,3,0.05,33.75,59.0625
4413,2026-07-24,63,1,2,6,1,0.04,1.54,2.233
4414,2026-01-03,80,3,2,15,1,0.04,11.58,20.265
4415,2026-06-03,4,3,4,4,3,0.02,286.04999999999995,414.7725
4416,2026-07-10,91,2,2,34,2,0.03,19.78,34.615
4417,2026-02-23,19,3,4,17,4,0.05,261.8,458.15000000000003
4418,2026-07-24,23,3,2,2,3,0.04,204.45000000000002,296.45250000000004
4419,2026-03-12,66,2,1,27,1,0.05,7.99,13.9825
4420,2026-06-03,11,3,2,18,1,0.03,77.32,135.31
4421,2026-07-27,24,3,4,6,1,0.05,1.54,2.233
4422,2026-05-26,41,2,2,4,3,0.03,286.04999999999995,414.7725
4423,2026-01-08,28,1,3,12,1,0.04,6.58,11.515
4424,2026-01-19,62,1,2,17,4,0.0,261.8,458.15000000000003
4425,2026-06-11,21,3,4,18,1,0.03,77.32,135.31
4426,2026-03-04,43,3,1,16,4,0.03,216.6,379.05
4427,2026-01-02,80,2,4,6,1,0.0,1.54,2.233
4428,2026-04-09,86,1,1,23,2,0.05,31.18,54.565
4429,2026-07-03,22,2,2,16,1,0.05,54.15,94.7625
4430,2026-04-11,5,1,3,5,2,0.04,308.5,447.325
4431,2026-08-07,24,3,1,19,1,0.03,4.54,7.945
4432,2026-07-21,73,3,4,23,2,0.01,31.18,54.565
4433,2026-08-01,19,3,3,1,4,0.03,160.44,232.63799999999998
4434,2026-04-17,49,2,2,13,1,0.04,5.42,9.485
4435,2026-01-21,79,2,4,23,1,0.04,15.59,27.2825
4436,2026-05-23,70,2,2,7,1,0.01,14.5,21.025
4437,2026-04-20,19,1,2,28,4,0.04,30.08,52.64
4438,2026-01-27,28,2,2,2,3,0.02,204.45000000000002,296.45250000000004
4439,2026-01-23,84,1,1,18,3,0.05,231.95999999999998,405.93
4440,2026-06-26,70,3,2,33,3,0.03,33.75,59.0625
4441,2026-02-28,24,2,3,28,3,0.04,22.56,39.480000000000004
4442,2026-01-31,76,2,3,22,1,0.0,7.45,13.0375
4443,2026-05-29,34,2,3,19,1,0.03,4.54,7.945
4444,2026-05-07,90,2,1,3,2,0.01,150.48,218.19599999999997
4445,2026-06-24,43,2,4,5,1,0.05,154.25,223.6625
4446,2026-04-13,46,2,2,25,1,0.01,12.65,22.1375
4447,2026-06-25,22,2,1,30,1,0.04,16.45,28.787499999999998
4448,2026-07-23,1,1,2,16,3,0.03,162.45,284.2875
4449,2026-05-21,47,3,2,33,4,0.02,45.0,78.75
4450,2026-04-30,1,1,3,34,3,0.01,29.67,51.9225
4451,2026-02-25,4,3,2,33,1,0.0,11.25,19.6875
4452,2026-03-19,57,2,3,30,4,0.04,65.8,115.14999999999999
4453,2026-06-11,95,3,1,4,2,0.0,190.7,276.515
4454,2026-02-20,78,2,4,26,2,0.01,27.5,48.125
4455,2026-05-02,69,3,4,7,4,0.02,58.0,84.1
4456,2026-05-07,31,3,2,9,1,0.02,2.15,3.7624999999999997
4457,2026-05-26,16,3,3,24,1,0.03,12.45,21.787499999999998
4458,2026-02-02,12,3,3,30,3,0.03,49.349999999999994,86.3625
4459,2026-04-21,89,2,2,30,2,0.04,32.9,57.574999999999996
4460,2026-05-01,54,3,2,9,4,0.01,8.6,15.049999999999999
4461,2026-07-28,62,1,3,13,4,0.0,21.68,37.94
4462,2026-03-24,53,1,2,4,2,0.05,190.7,276.515
4463,2026-03-19,68,3,2,31,1,0.03,10.25,17.9375
4464,2026-03-06,14,3,4,12,1,0.03,6.58,11.515
4465,2026-06-11,28,2,1,4,4,0.02,381.4,553.03
4466,2026-08-15,18,3,4,19,2,0.03,9.08,15.89
4467,2026-08-14,36,1,2,7,1,0.02,14.5,21.025
4468,2026-04-16,43,3,1,25,1,0.04,12.65,22.1375
4469,2026-07-06,2,2,1,13,3,0.05,16.259999999999998,28.455
4470,2026-07-08,74,2,4,27,3,0.04,23.97,41.9475
4471,2026-01-21,64,3,4,31,4,0.0,41.0,71.75
4472,2026-03-03,40,1,4,23,4,0.01,62.36,109.13
4473,2026-07-23,52,2,1,30,2,0.01,32.9,57.574999999999996
4474,2026-01-10,8,3,4,9,4,0.01,8.6,15.049999999999999
4475,2026-03-09,22,1,2,33,1,0.02,11.25,19.6875
4476,2026-06-05,59,3,1,8,4,0.03,9.0,13.049999999999999
4477,2026-07-07,38,1,4,11,4,0.04,23.0,40.25
4478,2026-02-26,67,2,3,19,4,0.01,18.16,31.78
4479,2026-04-28,37,3,3,17,3,0.01,196.35000000000002,343.6125
4480,2026-02-17,16,1,3,30,2,0.01,32.9,57.574999999999996
4481,2026-01-06,9,1,3,5,2,0.03,308.5,447.325
4482,2026-06-15,75,2,3,11,3,0.05,17.25,30.1875
4483,2026-04-09,61,3,4,16,4,0.03,216.6,379.05
4484,2026-06-04,82,3,4,15,4,0.0,46.32,81.06
4485,2026-06-24,12,3,1,19,4,0.01,18.16,31.78
4486,2026-06-30,89,1,4,6,1,0.05,1.54,2.233
4487,2026-07-23,5,3,3,16,3,0.02,162.45,284.2875
4488,2026-06-18,89,1,4,10,4,0.04,13.4,23.45
4489,2026-07-09,39,2,1,13,3,0.01,16.259999999999998,28.455
4490,2026-08-19,30,1,3,11,2,0.02,11.5,20.125
4491,2026-01-21,48,2,1,15,3,0.04,34.74,60.795
4492,2026-08-22,24,1,2,8,2,0.0,4.5,6.5249999999999995
4493,2026-01-10,50,2,2,20,3,0.04,14.25,24.9375
4494,2026-02-27,52,3,1,5,1,0.03,154.25,223.6625
4495,2026-02-05,41,3,2,33,1,0.02,11.25,19.6875
4496,2026-06-04,23,1,1,26,1,0.01,13.75,24.0625
4497,2026-04-21,97,1,2,4,1,0.03,95.35,138.2575
4498,2026-05-27,12,3,4,19,4,0.01,18.16,31.78
4499,2026-07-21,23,3,3,8,2,0.0,4.5,6.5249999999999995
4500,2026-03-05,6,2,1,10,1,0.01,3.35,5.8625
4501,2026-02-18,93,3,3,21,3,0.05,6.75,11.8125
4502,2026-01-02,58,3,1,29,1,0.02,8.52,14.91
4503,2026-03-09,96,1,1,9,2,0.04,4.3,7.5249999999999995
4504,2026-07-08,4,2,1,23,2,0.01,31.18,54.565
4505,2026-04-24,49,1,2,12,4,0.01,26.32,46.06
4506,2026-02-21,86,2,1,21,2,0.04,4.5,7.875
4507,2026-05-04,25,1,1,15,4,0.04,46.32,81.06
4508,2026-08-29,58,1,2,10,2,0.03,6.7,11.725
4509,2026-05-29,27,2,2,22,2,0.05,14.9,26.075
4510,2026-02-27,50,2,2,22,4,0.03,29.8,52.15
4511,2026-08-24,64,2,1,15,1,0.03,11.58,20.265
4512,2026-04-24,49,3,3,34,2,0.0,19.78,34.615
4513,2026-06-06,71,1,2,30,3,0.03,49.349999999999994,86.3625
4514,2026-05-29,5,3,4,25,4,0.04,50.6,88.55
4515,2026-02-14,60,1,3,17,4,0.0,261.8,458.15000000000003
4516,2026-08-22,21,3,3,25,4,0.01,50.6,88.55
4517,2026-01-16,43,3,1,32,4,0.01,49.88,87.29
4518,2026-01-08,70,3,4,14,3,0.02,25.349999999999998,44.3625
4519,2026-03-16,16,2,1,2,1,0.0,68.15,98.81750000000001
4520,2026-06-22,30,3,2,26,4,0.0,55.0,96.25
4521,2026-02-25,22,3,4,4,1,0.03,95.35,138.2575
4522,2026-02-23,23,2,2,5,3,0.03,462.75,670.9875
4523,2026-07-20,25,2,1,5,2,0.02,308.5,447.325
4524,2026-06-13,10,2,2,29,1,0.01,8.52,14.91
4525,2026-07-18,78,1,1,2,1,0.03,68.15,98.81750000000001
4526,2026-03-24,99,3,4,29,2,0.05,17.04,29.82
4527,2026-07-27,32,1,4,16,1,0.05,54.15,94.7625
4528,2026-02-20,47,2,3,20,3,0.03,14.25,24.9375
4529,2026-02-26,84,2,2,3,3,0.01,225.71999999999997,327.294
4530,2026-02-13,8,2,1,6,2,0.04,3.08,4.466
4531,2026-04-20,5,3,2,11,2,0.04,11.5,20.125
4532,2026-05-02,44,1,2,13,2,0.04,10.84,18.97
4533,2026-07-31,82,2,2,33,2,0.03,22.5,39.375
4534,2026-08-22,52,2,1,11,3,0.0,17.25,30.1875
4535,2026-03-30,99,3,2,7,1,0.04,14.5,21.025
4536,2026-05-30,20,1,1,21,1,0.04,2.25,3.9375
4537,2026-08-19,28,1,4,34,4,0.03,39.56,69.23
4538,2026-05-08,57,1,3,33,3,0.02,33.75,59.0625
4539,2026-08-25,40,2,3,17,1,0.05,65.45,114.53750000000001
4540,2026-05-26,65,1,3,9,3,0.03,6.449999999999999,11.2875
4541,2026-06-18,66,2,1,27,4,0.01,31.96,55.93
4542,2026-05-21,19,1,4,21,4,0.02,9.0,15.75
4543,2026-06-27,27,3,4,25,2,0.02,25.3,44.275
4544,2026-08-01,18,2,3,32,3,0.03,37.410000000000004,65.4675
4545,2026-04-07,22,3,2,29,3,0.0,25.56,44.730000000000004
4546,2026-06-06,2,1,1,7,1,0.01,14.5,21.025
4547,2026-08-12,56,1,3,34,1,0.02,9.89,17.3075
4548,2026-08-04,97,2,4,2,2,0.04,136.3,197.63500000000002
4549,2026-06-26,56,1,3,8,1,0.0,2.25,3.2624999999999997
4550,2026-02-06,34,3,2,3,2,0.01,150.48,218.19599999999997
4551,2026-02-17,91,3,1,3,3,0.04,225.71999999999997,327.294
4552,2026-01-21,58,3,1,16,2,0.04,108.3,189.525
4553,2026-01-03,10,1,1,2,2,0.01,136.3,197.63500000000002
4554,2026-02-19,10,3,4,10,2,0.04,6.7,11.725
4555,2026-04-17,2,2,2,17,2,0.04,130.9,229.07500000000002
4556,2026-07-15,25,1,1,13,2,0.02,10.84,18.97
4557,2026-01-03,48,3,1,31,4,0.0,41.0,71.75
4558,2026-02-10,8,2,1,6,4,0.0,6.16,8.932
4559,2026-01-17,29,2,3,14,2,0.02,16.9,29.574999999999996
4560,2026-03-23,57,2,3,21,4,0.05,9.0,15.75
4561,2026-06-16,76,2,2,29,1,0.02,8.52,14.91
4562,2026-02-05,17,2,3,31,3,0.02,30.75,53.8125
4563,2026-07-24,85,2,2,31,4,0.01,41.0,71.75
4564,2026-02-07,81,1,2,33,1,0.0,11.25,19.6875
4565,2026-05-12,34,1,1,19,2,0.05,9.08,15.89
4566,2026-04-18,23,2,2,12,4,0.02,26.32,46.06
4567,2026-05-28,39,1,1,6,4,0.03,6.16,8.932
4568,2026-01-28,2,1,2,21,3,0.02,6.75,11.8125
4569,2026-01-12,48,3,2,27,2,0.04,15.98,27.965
4570,2026-03-25,84,3,4,24,4,0.03,49.8,87.14999999999999
4571,2026-03-24,20,3,4,33,3,0.04,33.75,59.0625
4572,2026-02-21,66,1,4,12,2,0.03,13.16,23.03
4573,2026-04-24,66,2,1,31,4,0.03,41.0,71.75
4574,2026-07-20,3,2,3,16,1,0.01,54.15,94.7625
4575,2026-08-31,72,1,2,4,3,0.05,286.04999999999995,414.7725
4576,2026-08-08,4,1,3,32,4,0.0,49.88,87.29
4577,2026-07-30,65,1,4,25,4,0.04,50.6,88.55
4578,2026-07-06,25,1,1,13,4,0.02,21.68,37.94
4579,2026-05-27,72,1,2,1,4,0.02,160.44,232.63799999999998
4580,2026-02-09,19,2,1,14,2,0.04,16.9,29.574999999999996
4581,2026-01-07,14,1,1,23,2,0.01,31.18,54.565
4582,2026-03-18,93,2,4,1,4,0.03,160.44,232.63799999999998
4583,2026-04-08,93,3,1,7,2,0.03,29.0,42.05
4584,2026-01-27,97,3,2,33,1,0.04,11.25,19.6875
4585,2026-06-18,82,1,1,12,1,0.02,6.58,11.515
4586,2026-02-05,49,3,2,16,1,0.01,54.15,94.7625
4587,2026-02-18,97,1,4,16,1,0.02,54.15,94.7625
4588,2026-05-23,45,1,1,30,2,0.02,32.9,57.574999999999996
4589,2026-02-10,7,3,4,15,4,0.01,46.32,81.06
4590,2026-08-28,91,1,3,8,3,0.0,6.75,9.7875
4591,2026-03-24,59,1,1,15,4,0.02,46.32,81.06
4592,2026-06-04,90,3,4,15,2,0.01,23.16,40.53
4593,2026-03-11,26,1,3,11,3,0.03,17.25,30.1875
4594,2026-02-12,13,1,1,7,2,0.0,29.0,42.05
4595,2026-04-16,89,3,3,7,2,0.03,29.0,42.05
4596,2026-06-02,27,1,4,29,4,0.04,34.08,59.64
4597,2026-08-17,52,2,4,12,1,0.01,6.58,11.515
4598,2026-05-02,20,2,3,26,2,0.03,27.5,48.125
4599,2026-06-03,26,3,1,27,3,0.02,23.97,41.9475
4600,2026-05-20,67,2,3,3,1,0.02,75.24,109.09799999999998
4601,2026-06-29,84,1,3,10,1,0.02,3.35,5.8625
4602,2026-04-21,31,1,2,26,3,0.01,41.25,72.1875
4603,2026-03-28,21,3,2,12,1,0.02,6.58,11.515
4604,2026-08-22,97,1,1,26,3,0.04,41.25,72.1875
4605,2026-03-11,44,2,4,2,4,0.01,272.6,395.27000000000004
4606,2026-05-20,44,3,2,25,4,0.0,50.6,88.55
4607,2026-02-11,55,3,1,10,3,0.03,10.05,17.5875
4608,2026-03-10,45,2,4,11,2,0.01,11.5,20.125
4609,2026-05-18,9,2,1,12,2,0.05,13.16,23.03
4610,2026-03-16,55,1,2,32,3,0.0,37.410000000000004,65.4675
4611,2026-06-24,77,3,1,5,2,0.02,308.5,447.325
4612,2026-03-24,82,1,4,23,4,0.01,62.36,109.13
4613,2026-06-30,98,1,3,9,3,0.03,6.449999999999999,11.2875
4614,2026-02-06,47,1,4,5,4,0.02,617.0,894.65
4615,2026-03-17,52,2,3,24,2,0.05,24.9,43.574999999999996
4616,2026-01-05,16,3,1,4,2,0.05,190.7,276.515
4617,2026-06-23,49,3,2,5,4,0.05,617.0,894.65
4618,2026-01-06,2,1,1,25,4,0.01,50.6,88.55
4619,2026-06-09,60,3,3,18,3,0.02,231.95999999999998,405.93
4620,2026-05-28,37,2,2,15,2,0.04,23.16,40.53
4621,2026-04-02,98,2,3,34,4,0.05,39.56,69.23
4622,2026-08-15,80,3,4,21,4,0.02,9.0,15.75
4623,2026-02-10,68,1,1,5,2,0.03,308.5,447.325
4624,2026-07-21,65,2,2,8,3,0.03,6.75,9.7875
4625,2026-05-27,8,3,2,7,3,0.04,43.5,63.074999999999996
4626,2026-08-01,44,3,3,5,3,0.04,462.75,670.9875
4627,2026-06-18,2,1,4,13,3,0.04,16.259999999999998,28.455
4628,2026-04-14,27,1,3,1,3,0.04,120.33,174.4785
4629,2026-05-08,1,2,2,18,3,0.02,231.95999999999998,405.93
4630,2026-08-15,40,3,1,24,2,0.02,24.9,43.574999999999996
4631,2026-07-24,55,2,3,7,3,0.0,43.5,63.074999999999996
4632,2026-07-24,15,1,1,9,2,0.04,4.3,7.5249999999999995
4633,2026-01-22,95,2,3,22,2,0.01,14.9,26.075
4634,2026-03-10,40,2,2,25,1,0.03,12.65,22.1375
4635,2026-03-19,56,1,3,15,1,0.03,11.58,20.265
4636,2026-08-21,36,2,4,9,3,0.01,6.449999999999999,11.2875
4637,2026-04-07,55,2,4,32,3,0.03,37.410000000000004,65.4675
4638,2026-01-27,78,1,2,30,4,0.03,65.8,115.14999999999999
4639,2026-07-09,20,2,4,29,2,0.03,17.04,29.82
4640,2026-04-25,73,3,1,7,3,0.0,43.5,63.074999999999996
4641,2026-06-27,48,1,3,1,2,0.04,80.22,116.31899999999999
4642,2026-04-06,41,3,4,32,2,0.01,24.94,43.645
4643,2026-03-06,36,3,1,1,2,0.05,80.22,116.31899999999999
4644,2026-02-24,44,3,1,14,3,0.03,25.349999999999998,44.3625
4645,2026-07-21,63,2,1,19,2,0.05,9.08,15.89
4646,2026-02-25,44,3,3,9,2,0.05,4.3,7.5249999999999995
4647,2026-02-21,70,1,2,14,2,0.05,16.9,29.574999999999996
4648,2026-05-13,24,3,2,23,4,0.05,62.36,109.13
4649,2026-03-26,59,1,2,30,1,0.04,16.45,28.787499999999998
4650,2026-06-05,32,2,3,12,1,0.03,6.58,11.515
4651,2026-07-04,26,3,1,18,2,0.01,154.64,270.62
4652,2026-08-20,68,2,2,17,4,0.02,261.8,458.15000000000003
4653,2026-03-27,32,3,3,6,1,0.04,1.54,2.233
4654,2026-07-13,34,2,3,12,3,0.04,19.740000000000002,34.545
4655,2026-06-17,31,2,1,30,2,0.01,32.9,57.574999999999996
4656,2026-04-08,8,2,1,21,1,0.03,2.25,3.9375
4657,2026-03-12,34,2,4,16,1,0.05,54.15,94.7625
4658,2026-04-03,95,3,3,1,4,0.04,160.44,232.63799999999998
4659,2026-08-19,22,3,2,32,1,0.03,12.47,21.8225
4660,2026-05-28,39,3,2,22,3,0.04,22.35,39.1125
4661,2026-01-16,10,2,3,24,4,0.04,49.8,87.14999999999999
4662,2026-01-20,97,1,3,27,3,0.02,23.97,41.9475
4663,2026-03-27,46,2,1,17,3,0.01,196.35000000000002,343.6125
4664,2026-05-23,17,1,3,16,3,0.04,162.45,284.2875
4665,2026-04-11,28,1,3,21,1,0.02,2.25,3.9375
4666,2026-06-05,76,2,4,19,2,0.02,9.08,15.89
4667,2026-07-06,40,1,1,5,3,0.01,462.75,670.9875
4668,2026-05-04,23,1,3,19,2,0.04,9.08,15.89
4669,2026-08-29,25,2,2,3,3,0.02,225.71999999999997,327.294
4670,2026-07-25,92,1,1,10,1,0.02,3.35,5.8625
4671,2026-05-16,8,3,1,27,4,0.01,31.96,55.93
4672,2026-08-21,4,3,3,24,2,0.05,24.9,43.574999999999996
4673,2026-03-11,10,3,2,1,1,0.0,40.11,58.159499999999994
4674,2026-06-08,81,3,4,19,3,0.05,13.620000000000001,23.835
4675,2026-08-26,8,2,1,18,2,0.0,154.64,270.62
4676,2026-04-03,58,3,3,2,4,0.01,272.6,395.27000000000004
4677,2026-01-21,57,3,1,14,4,0.04,33.8,59.14999999999999
4678,2026-05-13,82,3,1,30,1,0.01,16.45,28.787499999999998
4679,2026-07-06,22,2,1,24,3,0.03,37.349999999999994,65.3625
4680,2026-06-12,94,1,2,28,2,0.05,15.04,26.32
4681,2026-07-27,86,1,1,17,4,0.01,261.8,458.15000000000003
4682,2026-02-10,76,1,1,23,4,0.04,62.36,109.13
4683,2026-03-26,63,1,4,11,3,0.02,17.25,30.1875
4684,2026-07-06,33,1,1,7,3,0.05,43.5,63.074999999999996
4685,2026-04-04,11,1,1,33,1,0.02,11.25,19.6875
4686,2026-03-17,57,2,3,3,2,0.03,150.48,218.19599999999997
4687,2026-03-18,33,1,4,31,1,0.0,10.25,17.9375
4688,2026-05-11,99,2,2,20,3,0.04,14.25,24.9375
4689,2026-08-25,16,1,2,15,3,0.03,34.74,60.795
4690,2026-02-28,52,3,4,2,2,0.04,136.3,197.63500000000002
4691,2026-08-11,42,2,1,3,4,0.03,300.96,436.39199999999994
4692,2026-08-08,47,2,4,29,3,0.03,25.56,44.730000000000004
4693,2026-04-15,36,1,3,31,4,0.03,41.0,71.75
4694,2026-07-09,93,3,1,23,4,0.02,62.36,109.13
4695,2026-02-26,74,1,4,25,4,0.04,50.6,88.55
4696,2026-04-15,62,2,2,20,1,0.01,4.75,8.3125
4697,2026-02-04,10,3,1,5,4,0.02,617.0,894.65
4698,2026-07-10,47,2,4,28,4,0.04,30.08,52.64
4699,2026-02-20,39,3,3,24,2,0.0,24.9,43.574999999999996
4700,2026-01-09,57,1,4,31,2,0.03,20.5,35.875
4701,2026-02-20,73,1,1,24,1,0.02,12.45,21.787499999999998
4702,2026-06-12,58,1,1,19,2,0.02,9.08,15.89
4703,2026-01-02,73,3,4,4,4,0.01,381.4,553.03
4704,2026-05-30,80,3,1,1,4,0.04,160.44,232.63799999999998
4705,2026-07-09,74,2,2,22,4,0.01,29.8,52.15
4706,2026-07-31,6,1,1,29,2,0.01,17.04,29.82
4707,2026-08-18,11,3,3,24,3,0.04,37.349999999999994,65.3625
4708,2026-05-27,99,2,1,4,2,0.03,190.7,276.515
4709,2026-07-01,18,1,4,22,3,0.03,22.35,39.1125
4710,2026-07-09,30,2,4,28,1,0.05,7.52,13.16
4711,2026-07-16,76,1,4,17,3,0.04,196.35000000000002,343.6125
4712,2026-03-25,19,2,1,10,3,0.02,10.05,17.5875
4713,2026-06-03,16,2,2,6,3,0.0,4.62,6.699
4714,2026-04-21,23,2,1,16,4,0.0,216.6,379.05
4715,2026-02-25,16,1,2,29,1,0.01,8.52,14.91
4716,2026-08-13,11,3,3,16,4,0.01,216.6,379.05
4717,2026-07-20,35,2,1,13,4,0.03,21.68,37.94
4718,2026-03-16,81,1,3,19,4,0.04,18.16,31.78
4719,2026-01-05,89,1,3,22,2,0.0,14.9,26.075
4720,2026-08-11,70,3,2,8,1,0.0,2.25,3.2624999999999997
4721,2026-07-22,48,2,2,29,1,0.05,8.52,14.91
4722,2026-03-11,84,2,1,23,2,0.04,31.18,54.565
4723,2026-05-01,13,1,4,10,4,0.04,13.4,23.45
4724,2026-04-21,55,1,3,26,1,0.04,13.75,24.0625
4725,2026-03-21,94,1,4,5,2,0.05,308.5,447.325
4726,2026-03-19,95,3,4,14,4,0.01,33.8,59.14999999999999
4727,2026-04-11,50,1,2,4,4,0.05,381.4,553.03
4728,2026-02-28,89,3,3,4,2,0.02,190.7,276.515
4729,2026-02-13,28,3,4,32,1,0.05,12.47,21.8225
4730,2026-05-12,72,3,4,9,4,0.01,8.6,15.049999999999999
4731,2026-07-09,57,3,2,1,3,0.03,120.33,174.4785
4732,2026-01-14,82,3,3,26,3,0.04,41.25,72.1875
4733,2026-08-26,84,1,1,16,1,0.01,54.15,94.7625
4734,2026-04-15,48,2,1,8,4,0.03,9.0,13.049999999999999
4735,2026-08-07,35,2,1,13,4,0.03,21.68,37.94
4736,2026-07-27,96,2,3,15,4,0.04,46.32,81.06
4737,2026-05-23,31,3,1,28,3,0.01,22.56,39.480000000000004
4738,2026-04-29,89,2,4,30,4,0.05,65.8,115.14999999999999
4739,2026-01-27,10,3,4,3,4,0.0,300.96,436.39199999999994
4740,2026-03-17,72,1,3,34,3,0.02,29.67,51.9225
4741,2026-08-28,32,3,4,7,4,0.04,58.0,84.1
4742,2026-07-25,3,1,1,9,1,0.0,2.15,3.7624999999999997
4743,2026-05-18,92,3,4,31,4,0.05,41.0,71.75
4744,2026-02-17,61,1,3,24,2,0.04,24.9,43.574999999999996
4745,2026-05-30,96,2,3,25,1,0.03,12.65,22.1375
4746,2026-05-30,39,1,3,34,2,0.05,19.78,34.615
4747,2026-08-26,64,2,4,25,3,0.05,37.95,66.4125
4748,2026-06-06,99,2,3,11,2,0.02,11.5,20.125
4749,2026-01-09,51,3,2,26,4,0.03,55.0,96.25
4750,2026-06-30,5,3,4,19,3,0.03,13.620000000000001,23.835
4751,2026-04-03,68,2,4,20,4,0.05,19.0,33.25
4752,2026-05-09,7,3,3,20,1,0.01,4.75,8.3125
4753,2026-04-07,1,2,4,9,2,0.02,4.3,7.5249999999999995
4754,2026-06-13,68,2,4,11,3,0.02,17.25,30.1875
4755,2026-05-11,43,1,1,2,1,0.02,68.15,98.81750000000001
4756,2026-08-14,52,3,1,25,3,0.01,37.95,66.4125
4757,2026-03-17,98,2,2,21,1,0.02,2.25,3.9375
4758,2026-07-04,85,3,1,3,3,0.0,225.71999999999997,327.294
4759,2026-05-30,29,1,4,10,3,0.03,10.05,17.5875
4760,2026-02-27,65,1,4,28,3,0.0,22.56,39.480000000000004
4761,2026-08-17,40,2,4,9,2,0.03,4.3,7.5249999999999995
4762,2026-08-13,34,2,2,12,3,0.03,19.740000000000002,34.545
4763,2026-06-23,84,3,3,6,3,0.04,4.62,6.699
4764,2026-07-07,57,3,4,13,4,0.0,21.68,37.94
4765,2026-03-16,39,3,1,28,4,0.02,30.08,52.64
4766,2026-05-23,28,2,2,28,2,0.01,15.04,26.32
4767,2026-03-28,25,1,1,1,2,0.04,80.22,116.31899999999999
4768,2026-06-03,10,3,3,2,2,0.01,136.3,197.63500000000002
4769,2026-05-16,15,1,4,5,1,0.04,154.25,223.6625
4770,2026-06-20,37,3,2,32,2,0.03,24.94,43.645
4771,2026-08-17,7,3,1,20,1,0.03,4.75,8.3125
4772,2026-02-11,41,1,2,7,1,0.04,14.5,21.025
4773,2026-04-28,74,2,4,16,3,0.02,162.45,284.2875
4774,2026-02-02,82,2,3,25,2,0.04,25.3,44.275
4775,2026-01-07,93,1,2,25,3,0.0,37.95,66.4125
4776,2026-08-17,55,3,1,24,3,0.03,37.349999999999994,65.3625
4777,2026-01-16,90,3,1,24,1,0.03,12.45,21.787499999999998
4778,2026-06-24,73,3,3,19,4,0.03,18.16,31.78
4779,2026-02-06,27,3,3,13,3,0.04,16.259999999999998,28.455
4780,2026-08-10,11,1,2,21,3,0.03,6.75,11.8125
4781,2026-04-14,40,3,4,24,2,0.0,24.9,43.574999999999996
4782,2026-03-13,29,1,3,23,3,0.01,46.769999999999996,81.8475
4783,2026-01-23,42,2,1,16,4,0.03,216.6,379.05
4784,2026-05-05,64,2,1,3,4,0.02,300.96,436.39199999999994
4785,2026-03-27,16,2,1,11,2,0.02,11.5,20.125
4786,2026-03-13,78,1,4,24,4,0.02,49.8,87.14999999999999
4787,2026-02-05,43,1,1,5,3,0.05,462.75,670.9875
4788,2026-06-01,68,1,1,21,4,0.03,9.0,15.75
4789,2026-07-22,36,2,4,24,1,0.02,12.45,21.787499999999998
4790,2026-02-20,69,3,4,23,3,0.02,46.769999999999996,81.8475
4791,2026-04-20,69,2,4,32,3,0.03,37.410000000000004,65.4675
4792,2026-05-23,51,1,2,21,2,0.02,4.5,7.875
4793,2026-03-24,80,2,1,9,3,0.05,6.449999999999999,11.2875
4794,2026-08-27,98,2,1,8,1,0.05,2.25,3.2624999999999997
4795,2026-03-20,63,2,2,27,1,0.03,7.99,13.9825
4796,2026-07-31,89,1,1,17,3,0.03,196.35000000000002,343.6125
4797,2026-07-04,85,2,2,8,4,0.02,9.0,13.049999999999999
4798,2026-04-25,54,3,4,26,4,0.05,55.0,96.25
4799,2026-04-01,83,1,1,15,1,0.01,11.58,20.265
4800,2026-08-20,16,2,4,12,3,0.02,19.740000000000002,34.545
4801,2026-02-13,44,2,4,32,2,0.01,24.94,43.645
4802,2026-07-14,88,3,4,13,4,0.02,21.68,37.94
4803,2026-01-16,38,1,3,18,2,0.02,154.64,270.62
4804,2026-04-11,98,1,3,22,2,0.03,14.9,26.075
4805,2026-06-13,91,3,3,29,4,0.02,34.08,59.64
4806,2026-06-11,34,3,2,9,3,0.02,6.449999999999999,11.2875
4807,2026-05-04,87,3,4,11,4,0.03,23.0,40.25
4808,2026-08-06,2,2,3,25,2,0.04,25.3,44.275
4809,2026-07-16,7,1,3,17,4,0.01,261.8,458.15000000000003
4810,2026-03-14,59,3,4,5,2,0.04,308.5,447.325
4811,2026-01-14,43,1,1,21,2,0.01,4.5,7.875
4812,2026-07-20,24,1,2,1,4,0.02,160.44,232.63799999999998
4813,2026-05-26,3,2,4,5,3,0.02,462.75,670.9875
4814,2026-04-07,95,3,2,15,4,0.02,46.32,81.06
4815,2026-04-27,48,3,3,9,4,0.04,8.6,15.049999999999999
4816,2026-08-03,35,3,3,6,1,0.01,1.54,2.233
4817,2026-03-27,14,3,4,27,4,0.02,31.96,55.93
4818,2026-04-15,94,3,1,14,1,0.04,8.45,14.787499999999998
4819,2026-02-27,22,2,3,24,4,0.03,49.8,87.14999999999999
4820,2026-06-04,72,2,3,31,1,0.02,10.25,17.9375
4821,2026-03-24,96,1,2,9,4,0.02,8.6,15.049999999999999
4822,2026-06-22,74,3,2,19,3,0.04,13.620000000000001,23.835
4823,2026-02-13,18,2,2,4,4,0.04,381.4,553.03
4824,2026-07-01,9,3,1,2,1,0.0,68.15,98.81750000000001
4825,2026-06-03,25,1,4,32,4,0.05,49.88,87.29
4826,2026-05-30,82,3,4,1,1,0.03,40.11,58.159499999999994
4827,2026-06-17,43,2,4,21,4,0.02,9.0,15.75
4828,2026-05-12,6,1,2,6,2,0.04,3.08,4.466
4829,2026-01-17,30,2,4,30,2,0.01,32.9,57.574999999999996
4830,2026-01-02,2,1,3,34,2,0.05,19.78,34.615
4831,2026-03-10,98,2,1,32,4,0.01,49.88,87.29
4832,2026-03-13,84,2,2,23,1,0.02,15.59,27.2825
4833,2026-06-17,23,3,2,30,3,0.04,49.349999999999994,86.3625
4834,2026-02-05,6,1,2,25,3,0.04,37.95,66.4125
4835,2026-02-18,18,1,1,31,3,0.05,30.75,53.8125
4836,2026-08-20,5,1,3,23,3,0.0,46.769999999999996,81.8475
4837,2026-05-11,4,2,4,5,1,0.0,154.25,223.6625
4838,2026-08-03,17,3,3,7,2,0.03,29.0,42.05
4839,2026-07-07,28,2,2,16,1,0.04,54.15,94.7625
4840,2026-03-27,45,2,3,20,4,0.04,19.0,33.25
4841,2026-04-18,68,1,1,23,4,0.05,62.36,109.13
4842,2026-01-16,88,1,4,20,3,0.05,14.25,24.9375
4843,2026-04-23,5,2,2,13,1,0.04,5.42,9.485
4844,2026-07-02,81,1,2,24,2,0.02,24.9,43.574999999999996
4845,2026-07-08,5,3,3,2,1,0.02,68.15,98.81750000000001
4846,2026-07-16,77,1,3,23,2,0.02,31.18,54.565
4847,2026-02-02,62,1,3,2,1,0.01,68.15,98.81750000000001
4848,2026-07-04,35,1,2,26,1,0.03,13.75,24.0625
4849,2026-02-16,74,2,3,14,1,0.02,8.45,14.787499999999998
4850,2026-05-28,13,1,4,30,2,0.04,32.9,57.574999999999996
4851,2026-04-27,25,1,3,32,4,0.02,49.88,87.29
4852,2026-05-19,36,1,2,8,1,0.03,2.25,3.2624999999999997
4853,2026-05-21,73,3,4,24,2,0.0,24.9,43.574999999999996
4854,2026-01-07,39,3,4,14,2,0.01,16.9,29.574999999999996
4855,2026-01-30,39,3,4,7,1,0.01,14.5,21.025
4856,2026-01-22,75,1,3,33,2,0.03,22.5,39.375
4857,2026-08-17,78,3,4,6,4,0.0,6.16,8.932
4858,2026-06-29,48,2,3,12,2,0.02,13.16,23.03
4859,2026-01-08,23,2,1,34,2,0.05,19.78,34.615
4860,2026-08-26,79,1,3,18,2,0.03,154.64,270.62
4861,2026-08-27,83,3,1,26,1,0.0,13.75,24.0625
4862,2026-08-11,95,2,3,21,2,0.04,4.5,7.875
4863,2026-01-26,8,3,4,17,1,0.04,65.45,114.53750000000001
4864,2026-04-18,64,1,4,33,3,0.01,33.75,59.0625
4865,2026-03-24,31,2,4,12,2,0.03,13.16,23.03
4866,2026-02-19,38,1,2,11,3,0.01,17.25,30.1875
4867,2026-05-09,60,3,3,12,3,0.03,19.740000000000002,34.545
4868,2026-02-10,51,2,4,31,4,0.03,41.0,71.75
4869,2026-08-01,85,2,2,12,3,0.01,19.740000000000002,34.545
4870,2026-04-18,58,3,2,9,3,0.01,6.449999999999999,11.2875
4871,2026-06-06,72,3,2,18,2,0.02,154.64,270.62
4872,2026-03-03,53,1,1,9,3,0.02,6.449999999999999,11.2875
4873,2026-05-06,98,1,3,32,3,0.01,37.410000000000004,65.4675
4874,2026-05-21,94,3,2,5,2,0.04,308.5,447.325
4875,2026-08-29,4,2,1,25,1,0.01,12.65,22.1375
4876,2026-04-28,4,2,2,32,4,0.01,49.88,87.29
4877,2026-06-23,39,2,3,30,1,0.0,16.45,28.787499999999998
4878,2026-08-28,53,2,2,1,4,0.01,160.44,232.63799999999998
4879,2026-08-19,45,2,1,18,4,0.01,309.28,541.24
4880,2026-01-08,79,2,3,19,4,0.02,18.16,31.78
4881,2026-08-17,15,3,3,25,4,0.04,50.6,88.55
4882,2026-05-25,41,3,4,20,2,0.0,9.5,16.625
4883,2026-05-15,43,3,3,31,3,0.04,30.75,53.8125
4884,2026-05-21,44,2,4,9,4,0.01,8.6,15.049999999999999
4885,2026-01-28,4,2,4,22,2,0.04,14.9,26.075
4886,2026-02-17,65,3,2,8,1,0.03,2.25,3.2624999999999997
4887,2026-07-23,72,1,2,12,1,0.04,6.58,11.515
4888,2026-07-15,53,3,1,33,4,0.03,45.0,78.75
4889,2026-04-11,71,3,2,34,1,0.04,9.89,17.3075
4890,2026-07-25,4,2,3,2,3,0.03,204.45000000000002,296.45250000000004
4891,2026-08-11,12,2,1,33,4,0.04,45.0,78.75
4892,2026-04-25,95,1,1,30,2,0.04,32.9,57.574999999999996
4893,2026-08-21,95,3,4,4,2,0.05,190.7,276.515
4894,2026-05-04,40,3,1,33,3,0.02,33.75,59.0625
4895,2026-03-27,84,2,3,27,2,0.02,15.98,27.965
4896,2026-08-17,74,3,4,11,2,0.03,11.5,20.125
4897,2026-03-11,10,1,3,33,2,0.01,22.5,39.375
4898,2026-01-14,11,3,2,4,1,0.05,95.35,138.2575
4899,2026-03-26,62,3,3,9,2,0.05,4.3,7.5249999999999995
4900,2026-07-02,95,3,1,25,4,0.04,50.6,88.55
4901,2026-07-27,23,3,3,7,1,0.04,14.5,21.025
4902,2026-03-16,62,3,3,27,3,0.02,23.97,41.9475
4903,2026-05-21,43,1,4,6,1,0.02,1.54,2.233
4904,2026-02-20,53,3,2,23,3,0.02,46.769999999999996,81.8475
4905,2026-04-30,31,3,1,22,4,0.05,29.8,52.15
4906,2026-05-09,65,1,2,5,2,0.03,308.5,447.325
4907,2026-01-01,22,3,2,11,1,0.01,5.75,10.0625
4908,2026-07-10,28,3,2,2,3,0.01,204.45000000000002,296.45250000000004
4909,2026-08-22,91,2,4,30,4,0.04,65.8,115.14999999999999
4910,2026-03-25,15,1,4,26,3,0.01,41.25,72.1875
4911,2026-06-26,36,2,2,6,4,0.05,6.16,8.932
4912,2026-07-03,39,2,4,26,1,0.03,13.75,24.0625
4913,2026-05-26,33,2,1,12,2,0.02,13.16,23.03
4914,2026-04-20,67,2,4,11,1,0.0,5.75,10.0625
4915,2026-05-11,38,3,4,20,4,0.04,19.0,33.25
4916,2026-06-11,28,2,2,9,1,0.03,2.15,3.7624999999999997
4917,2026-02-05,71,1,3,18,4,0.03,309.28,541.24
4918,2026-02-14,29,2,4,33,4,0.0,45.0,78.75
4919,2026-03-13,84,3,4,27,2,0.03,15.98,27.965
4920,2026-05-02,67,1,4,13,2,0.03,10.84,18.97
4921,2026-03-06,10,3,1,11,3,0.02,17.25,30.1875
4922,2026-08-25,48,3,1,33,4,0.03,45.0,78.75
4923,2026-06-03,18,1,2,28,3,0.01,22.56,39.480000000000004
4924,2026-06-03,27,2,1,11,4,0.03,23.0,40.25
4925,2026-02-02,42,1,1,17,3,0.02,196.35000000000002,343.6125
4926,2026-03-31,96,1,2,14,1,0.01,8.45,14.787499999999998
4927,2026-04-17,91,1,4,2,1,0.03,68.15,98.81750000000001
4928,2026-07-09,17,3,3,16,4,0.03,216.6,379.05
4929,2026-03-21,53,1,1,6,3,0.0,4.62,6.699
4930,2026-06-05,70,1,1,14,2,0.02,16.9,29.574999999999996
4931,2026-01-02,80,2,2,25,2,0.02,25.3,44.275
4932,2026-05-22,48,1,3,20,3,0.01,14.25,24.9375
4933,2026-07-16,36,1,4,15,1,0.02,11.58,20.265
4934,2026-08-31,52,2,4,15,4,0.0,46.32,81.06
4935,2026-06-24,62,2,2,32,3,0.03,37.410000000000004,65.4675
4936,2026-07-30,71,2,3,16,4,0.05,216.6,379.05
4937,2026-01-09,63,1,2,10,4,0.04,13.4,23.45
4938,2026-01-26,12,3,4,7,1,0.05,14.5,21.025
4939,2026-03-02,74,2,3,3,1,0.02,75.24,109.09799999999998
4940,2026-06-12,16,2,3,12,4,0.01,26.32,46.06
4941,2026-08-28,30,1,3,24,3,0.01,37.349999999999994,65.3625
4942,2026-02-24,37,2,3,22,3,0.01,22.35,39.1125
4943,2026-01-13,4,2,2,4,3,0.03,286.04999999999995,414.7725
4944,2026-03-03,44,3,4,22,1,0.03,7.45,13.0375
4945,2026-07-02,44,3,4,15,1,0.01,11.58,20.265
4946,2026-05-01,19,3,2,20,4,0.04,19.0,33.25
4947,2026-08-18,33,3,3,28,4,0.04,30.08,52.64
4948,2026-06-16,95,3,1,34,1,0.01,9.89,17.3075
4949,2026-02-05,28,2,4,14,4,0.02,33.8,59.14999999999999
4950,2026-07-20,7,2,2,25,3,0.0,37.95,66.4125
4951,2026-08-28,2,3,2,3,1,0.02,75.24,109.09799999999998
4952,2026-03-27,1,3,2,33,3,0.02,33.75,59.0625
4953,2026-08-31,27,2,1,6,4,0.04,6.16,8.932
4954,2026-08-29,67,3,4,16,3,0.01,162.45,284.2875
4955,2026-03-20,67,2,3,28,1,0.05,7.52,13.16
4956,2026-04-17,3,1,2,4,3,0.05,286.04999999999995,414.7725
4957,2026-03-30,41,3,4,23,2,0.04,31.18,54.565
4958,2026-08-19,16,2,3,23,2,0.04,31.18,54.565
4959,2026-03-04,58,2,3,12,2,0.02,13.16,23.03
4960,2026-04-15,1,1,1,17,3,0.03,196.35000000000002,343.6125
4961,2026-03-11,58,2,4,28,2,0.0,15.04,26.32
4962,2026-02-23,93,2,1,27,2,0.04,15.98,27.965
4963,2026-03-31,55,2,3,33,1,0.05,11.25,19.6875
4964,2026-07-02,96,3,1,6,3,0.0,4.62,6.699
4965,2026-06-26,8,3,3,22,1,0.0,7.45,13.0375
4966,2026-03-04,95,1,4,12,4,0.0,26.32,46.06
4967,2026-01-15,21,2,1,32,1,0.02,12.47,21.8225
4968,2026-06-05,14,3,4,12,3,0.0,19.740000000000002,34.545
4969,2026-03-28,41,3,1,12,3,0.01,19.740000000000002,34.545
4970,2026-03-14,14,2,3,28,2,0.05,15.04,26.32
4971,2026-02-23,55,3,3,20,3,0.02,14.25,24.9375
4972,2026-07-24,66,3,1,23,3,0.03,46.769999999999996,81.8475
4973,2026-07-27,89,1,2,21,2,0.03,4.5,7.875
4974,2026-08-03,70,3,4,22,3,0.04,22.35,39.1125
4975,2026-02-26,67,2,2,29,2,0.05,17.04,29.82
4976,2026-04-25,73,1,1,32,1,0.03,12.47,21.8225
4977,2026-08-21,89,1,4,17,3,0.05,196.35000000000002,343.6125
4978,2026-02-21,52,2,3,26,3,0.02,41.25,72.1875
4979,2026-03-18,90,2,2,23,3,0.01,46.769999999999996,81.8475
4980,2026-05-06,69,1,1,29,4,0.02,34.08,59.64
4981,2026-04-03,41,2,4,29,2,0.03,17.04,29.82
4982,2026-08-26,71,2,1,21,1,0.01,2.25,3.9375
4983,2026-02-19,72,2,4,33,1,0.03,11.25,19.6875
4984,2026-04-30,70,1,4,8,3,0.01,6.75,9.7875
4985,2026-06-22,31,3,3,9,2,0.02,4.3,7.5249999999999995
4986,2026-03-21,23,2,1,3,1,0.02,75.24,109.09799999999998
4987,2026-01-15,28,2,2,30,3,0.01,49.349999999999994,86.3625
4988,2026-07-16,19,2,2,14,3,0.02,25.349999999999998,44.3625
4989,2026-08-22,73,1,3,10,2,0.05,6.7,11.725
4990,2026-02-04,4,3,4,31,1,0.02,10.25,17.9375
4991,2026-01-02,13,3,3,14,2,0.05,16.9,29.574999999999996
4992,2026-04-17,90,3,3,18,2,0.04,154.64,270.62
4993,2026-07-15,31,2,4,31,1,0.04,10.25,17.9375
4994,2026-07-04,27,2,2,4,1,0.01,95.35,138.2575
4995,2026-07-25,24,1,3,9,3,0.01,6.449999999999999,11.2875
4996,2026-03-14,30,1,1,3,4,0.05,300.96,436.39199999999994
4997,2026-02-13,23,3,1,6,2,0.05,3.08,4.466
4998,2026-02-14,75,2,1,17,4,0.0,261.8,458.15000000000003
4999,2026-07-22,95,2,3,8,2,0.04,4.5,6.5249999999999995
5000,2026-08-25,95,2,4,32,1,0.02,12.47,21.8225
